-- phpMyAdmin SQL Dump
-- version 4.4.15.10
-- https://www.phpmyadmin.net
--
-- Хост: localhost
-- Время создания: Мар 11 2019 г., 19:23
-- Версия сервера: 5.6.43-cll-lve
-- Версия PHP: 5.4.16

SET SQL_MODE = "NO_AUTO_VALUE_ON_ZERO";
SET time_zone = "+00:00";


/*!40101 SET @OLD_CHARACTER_SET_CLIENT=@@CHARACTER_SET_CLIENT */;
/*!40101 SET @OLD_CHARACTER_SET_RESULTS=@@CHARACTER_SET_RESULTS */;
/*!40101 SET @OLD_COLLATION_CONNECTION=@@COLLATION_CONNECTION */;
/*!40101 SET NAMES utf8mb4 */;

--
-- База данных: `u39028_crm`
--

-- --------------------------------------------------------

--
-- Структура таблицы `courses`
--

CREATE TABLE IF NOT EXISTS `courses` (
  `id` int(11) NOT NULL,
  `title` varchar(255) NOT NULL,
  `description` text NOT NULL,
  `status` varchar(50) NOT NULL,
  `active` bit(1) NOT NULL DEFAULT b'1',
  `date_up` timestamp NOT NULL DEFAULT CURRENT_TIMESTAMP,
  `autor` int(11) NOT NULL
) ENGINE=InnoDB AUTO_INCREMENT=7 DEFAULT CHARSET=utf8;

--
-- Дамп данных таблицы `courses`
--

INSERT INTO `courses` (`id`, `title`, `description`, `status`, `active`, `date_up`, `autor`) VALUES
(1, 'Робототехника', 'Занятия по робототехнике для детей', 'открыт', b'1', '2018-07-11 09:15:59', 0),
(2, 'WEB-Дизайн', '12-20 лет.', 'открыт', b'1', '2018-07-11 10:12:12', 0),
(3, 'scratch', 'суббота 15.00-16.20', 'открыт', b'1', '2019-03-11 15:14:23', 0),
(4, 'Python Minecraft', 'воскресенье 15.00-16.20', 'открыт', b'1', '2019-03-11 15:15:13', 0),
(5, 'С#', 'воскресенье 16.30-18.30', 'открыт', b'1', '2019-03-11 15:15:42', 0),
(6, '3d моделирование', 'воскресенье 13.45-15.00', 'открыт', b'1', '2019-03-11 15:16:17', 0);

-- --------------------------------------------------------

--
-- Структура таблицы `eventsGroupVisits`
--

CREATE TABLE IF NOT EXISTS `eventsGroupVisits` (
  `id` int(11) NOT NULL,
  `group_id` int(11) DEFAULT NULL,
  `description` varchar(250) NOT NULL,
  `date` date NOT NULL,
  `color` varchar(50) DEFAULT NULL,
  `time` time NOT NULL,
  `date_up` timestamp NOT NULL DEFAULT CURRENT_TIMESTAMP,
  `status` varchar(100) NOT NULL,
  `active` bit(1) NOT NULL DEFAULT b'1',
  `autor` int(11) NOT NULL
) ENGINE=InnoDB AUTO_INCREMENT=123 DEFAULT CHARSET=utf8;

--
-- Дамп данных таблицы `eventsGroupVisits`
--

INSERT INTO `eventsGroupVisits` (`id`, `group_id`, `description`, `date`, `color`, `time`, `date_up`, `status`, `active`, `autor`) VALUES
(5, 10, '', '2018-07-08', 'LightSkyBlue', '14:00:00', '2018-07-21 09:01:46', 'По графику', b'1', 0),
(6, 10, '', '2018-07-14', 'LightSkyBlue', '14:00:00', '2018-07-21 09:06:11', 'По графику', b'1', 0),
(7, 10, '', '2018-07-15', 'LightSkyBlue', '14:00:00', '2018-07-21 09:06:33', 'По графику', b'1', 0),
(8, 11, '', '2018-07-03', 'YellowGreen', '10:00:00', '2018-07-21 09:20:26', 'По графику', b'1', 0),
(9, 11, '', '2018-07-05', 'YellowGreen', '10:00:00', '2018-07-21 09:21:13', 'По графику', b'1', 0),
(10, 11, '', '2018-07-10', 'YellowGreen', '10:00:00', '2018-07-21 09:21:37', 'По графику', b'1', 0),
(11, 11, '', '2018-07-12', 'YellowGreen', '10:00:00', '2018-07-21 09:22:03', 'По графику', b'1', 0),
(13, 11, '', '2018-07-17', 'YellowGreen', '10:00:00', '2018-07-21 09:23:08', 'По графику', b'1', 0),
(14, 11, '', '2018-07-19', 'YellowGreen', '10:00:00', '2018-07-21 09:24:15', 'По графику', b'1', 0),
(15, 1, '', '2018-07-02', 'MediumPurple', '18:00:00', '2018-07-21 10:05:21', 'По графику', b'1', 0),
(16, 1, '', '2018-07-05', 'MediumPurple', '18:00:00', '2018-07-21 10:06:30', 'По графику', b'1', 0),
(17, 1, '', '2018-07-09', 'MediumPurple', '18:00:00', '2018-07-21 10:07:09', 'По графику', b'1', 0),
(18, 1, '', '2018-07-12', 'MediumPurple', '18:00:00', '2018-07-21 10:07:49', 'По графику', b'1', 0),
(20, 1, '', '2018-07-16', 'MediumPurple', '18:00:00', '2018-07-21 10:08:31', 'По графику', b'1', 0),
(21, 1, '', '2018-07-19', 'MediumPurple', '18:00:00', '2018-07-21 10:09:08', 'По графику', b'1', 0),
(22, 4, '', '2018-07-10', 'Tan', '18:00:00', '2018-07-21 10:15:05', 'По графику', b'1', 0),
(23, 4, '', '2018-07-13', 'Tan', '18:00:00', '2018-07-21 10:15:40', 'По графику', b'1', 0),
(24, 4, '', '2018-07-17', 'Tan', '18:00:00', '2018-07-21 10:16:07', 'По графику', b'1', 0),
(25, 4, '', '2018-07-20', 'Tan', '18:00:00', '2018-07-21 10:20:34', 'По графику', b'1', 0),
(26, 5, '', '2018-07-03', 'Sienna', '12:00:00', '2018-07-21 11:03:40', 'По графику', b'1', 0),
(27, 5, '', '2018-07-05', 'Sienna', '12:00:00', '2018-07-21 11:04:26', 'По графику', b'1', 0),
(28, 5, '', '2018-07-10', 'Sienna', '12:00:00', '2018-07-21 11:05:02', 'По графику', b'1', 0),
(29, 5, '', '2018-07-12', 'Sienna', '12:00:00', '2018-07-21 11:07:49', 'По графику', b'1', 0),
(30, 5, '', '2018-07-17', 'Sienna', '12:00:00', '2018-07-21 11:08:18', 'По графику', b'1', 0),
(31, 5, '', '2018-07-19', 'Sienna', '12:00:00', '2018-07-21 11:08:58', 'По графику', b'1', 0),
(32, 6, '', '2018-07-08', 'LightGray', '11:00:00', '2018-07-21 11:18:41', 'По графику', b'1', 0),
(33, 6, '', '2018-07-14', 'LightGray', '11:00:00', '2018-07-21 11:20:03', 'По графику', b'1', 0),
(34, 6, '', '2018-07-15', 'LightGray', '11:00:00', '2018-07-21 11:20:41', 'По графику', b'1', 0),
(35, 6, '', '2018-07-21', 'LightGray', '11:00:00', '2018-07-21 11:21:35', 'По графику', b'1', 0),
(36, 8, '', '2018-07-09', 'Peru', '14:00:00', '2018-07-21 11:28:36', 'По графику', b'1', 0),
(37, 8, '', '2018-07-11', 'Peru', '14:00:00', '2018-07-21 11:29:30', 'По графику', b'1', 0),
(38, 8, '', '2018-07-16', 'Peru', '14:00:00', '2018-07-21 11:30:20', 'По графику', b'1', 0),
(39, 8, '', '2018-07-18', 'Peru', '14:00:00', '2018-07-21 11:31:08', 'По графику', b'1', 0),
(40, 7, '', '2018-07-04', 'LightGreen', '10:00:00', '2018-07-21 11:36:46', 'По графику', b'1', 0),
(41, 7, '', '2018-07-09', 'LightGreen', '10:00:00', '2018-07-21 11:37:31', 'По графику', b'1', 0),
(42, 7, '', '2018-07-11', 'LightGreen', '10:00:00', '2018-07-21 11:37:59', 'По графику', b'1', 0),
(43, 7, '', '2018-07-16', 'LightGreen', '10:00:00', '2018-07-21 11:38:24', 'По графику', b'1', 0),
(44, 7, '', '2018-07-18', 'LightGreen', '10:00:00', '2018-07-21 11:38:59', 'По графику', b'1', 0),
(45, 2, '', '2018-07-02', 'FireBrick', '12:00:00', '2018-07-21 11:42:52', 'По графику', b'1', 0),
(46, 2, '', '2018-07-04', 'FireBrick', '12:00:00', '2018-07-21 11:43:45', 'По графику', b'1', 0),
(47, 2, '', '2018-07-09', 'FireBrick', '12:00:00', '2018-07-21 11:44:26', 'По графику', b'1', 0),
(48, 2, '', '2018-07-11', 'FireBrick', '12:00:00', '2018-07-21 11:44:59', 'По графику', b'1', 0),
(49, 2, '', '2018-07-16', 'FireBrick', '12:00:00', '2018-07-21 11:45:31', 'По графику', b'1', 0),
(50, 2, '', '2018-07-18', 'FireBrick', '12:00:00', '2018-07-21 11:46:05', 'По графику', b'1', 0),
(51, 10, '', '2018-07-21', 'LightSkyBlue', '14:00:00', '2018-07-21 11:50:50', 'По графику', b'1', 0),
(52, 12, '', '2018-07-02', 'Silver', '16:00:00', '2018-07-21 11:54:49', 'По графику', b'1', 0),
(53, 12, '', '2018-07-04', 'Silver', '16:00:00', '2018-07-21 11:56:18', 'По графику', b'1', 0),
(54, 12, '', '2018-07-09', 'Silver', '16:00:00', '2018-07-21 11:56:55', 'По графику', b'1', 0),
(55, 12, '', '2018-07-11', 'Silver', '16:00:00', '2018-07-21 11:57:52', 'По графику', b'1', 0),
(56, 12, '', '2018-07-16', 'Silver', '16:00:00', '2018-07-21 11:58:25', 'По графику', b'1', 0),
(57, 12, '', '2018-07-18', 'Silver', '16:00:00', '2018-07-21 11:58:48', 'По графику', b'1', 0),
(58, 13, '', '2018-07-05', 'Silver', '16:00:00', '2018-07-21 12:01:55', 'По графику', b'1', 0),
(59, 13, '', '2018-07-10', 'Silver', '16:00:00', '2018-07-21 12:02:49', 'По графику', b'1', 0),
(60, 13, '', '2018-07-12', 'Silver', '16:00:00', '2018-07-21 12:03:13', 'По графику', b'1', 0),
(61, 13, '', '2018-07-17', 'Silver', '16:00:00', '2018-07-21 12:03:58', 'По графику', b'1', 0),
(62, 13, '', '2018-07-19', 'Silver', '16:00:00', '2018-07-21 12:04:32', 'По графику', b'1', 0),
(63, 6, '', '2018-07-22', 'LightGray', '11:00:00', '2018-07-22 08:27:08', 'По графику', b'1', 0),
(64, 10, '', '2018-07-22', 'LightSkyBlue', '14:00:00', '2018-07-22 11:35:38', 'По графику', b'1', 0),
(65, 7, '', '2018-07-23', 'LightGreen', '10:00:00', '2018-07-24 15:52:03', 'По графику', b'1', 0),
(66, 2, '', '2018-07-23', 'FireBrick', '12:00:00', '2018-07-24 15:52:44', 'По графику', b'1', 0),
(67, 8, '', '2018-07-23', 'Peru', '14:00:00', '2018-07-24 15:53:36', 'По графику', b'1', 0),
(68, 12, '', '2018-07-23', 'Silver', '16:00:00', '2018-07-24 15:55:34', 'По графику', b'1', 0),
(69, 1, '', '2018-07-23', 'MediumPurple', '18:00:00', '2018-07-24 15:56:27', 'По графику', b'1', 0),
(70, 11, '', '2018-07-24', 'YellowGreen', '10:00:00', '2018-07-24 15:57:03', 'По графику', b'1', 0),
(71, 5, '', '2018-07-24', 'Sienna', '12:00:00', '2018-07-24 15:57:35', 'По графику', b'1', 0),
(72, 13, '', '2018-07-24', 'Silver', '16:00:00', '2018-07-24 15:58:05', 'По графику', b'1', 0),
(73, 4, '', '2018-07-24', 'Tan', '18:00:00', '2018-07-24 15:58:47', 'По графику', b'1', 0),
(74, 7, '', '2018-07-25', 'LightGreen', '10:00:00', '2018-07-25 08:20:53', 'По графику', b'1', 0),
(75, 2, '', '2018-07-25', 'FireBrick', '12:00:00', '2018-07-25 09:13:30', 'По графику', b'1', 0),
(76, 4, '', '2018-07-27', 'Tan', '18:00:00', '2018-07-27 15:10:29', 'По графику', b'1', 0),
(77, 11, '', '2018-07-26', 'YellowGreen', '10:00:00', '2018-07-27 15:11:36', 'По графику', b'1', 0),
(81, 12, '', '2018-07-25', 'Silver', '16:00:00', '2018-07-27 15:13:58', 'По графику', b'1', 0),
(82, 5, '', '2018-07-26', 'Sienna', '12:00:00', '2018-07-27 15:14:32', 'По графику', b'1', 0),
(83, 13, '', '2018-07-26', 'Silver', '16:00:00', '2018-07-27 15:23:45', 'По графику', b'1', 0),
(84, 6, '', '2018-07-28', 'LightGray', '11:00:00', '2018-08-04 12:25:16', 'По графику', b'1', 0),
(86, 10, '', '2018-07-28', 'LightSkyBlue', '14:00:00', '2018-08-04 13:08:34', 'По графику', b'1', 0),
(87, 10, '', '2018-07-29', 'LightSkyBlue', '14:00:00', '2018-08-04 13:10:13', 'По графику', b'1', 0),
(88, 6, '', '2018-07-29', 'LightGray', '11:00:00', '2018-08-04 13:13:15', 'По графику', b'1', 0),
(89, 7, '', '2018-07-30', 'LightGreen', '10:00:00', '2018-08-04 13:17:37', 'По графику', b'1', 0),
(90, 2, '', '2018-07-30', 'FireBrick', '12:00:00', '2018-08-04 13:18:37', 'По графику', b'1', 0),
(91, 8, '', '2018-07-30', 'Peru', '14:00:00', '2018-08-04 13:20:30', 'По графику', b'1', 0),
(92, 1, '', '2018-07-30', 'MediumPurple', '18:00:00', '2018-08-04 13:22:14', 'По графику', b'1', 0),
(93, 12, '', '2018-07-30', 'Silver', '16:00:00', '2018-08-04 13:22:40', 'По графику', b'1', 0),
(94, 11, '', '2018-07-31', 'YellowGreen', '10:00:00', '2018-08-04 13:24:30', 'По графику', b'1', 0),
(95, 5, '', '2018-07-31', 'Sienna', '12:00:00', '2018-08-04 13:26:10', 'По графику', b'1', 0),
(96, 4, '', '2018-07-31', 'Tan', '18:00:00', '2018-08-04 13:27:34', 'По графику', b'1', 0),
(97, 13, '', '2018-07-31', 'Silver', '16:00:00', '2018-08-04 13:28:17', 'По графику', b'1', 0),
(99, 7, '', '2018-08-01', 'LightGreen', '10:00:00', '2018-08-04 13:30:55', 'По графику', b'1', 0),
(100, 2, '', '2018-08-01', 'FireBrick', '12:00:00', '2018-08-04 13:31:59', 'По графику', b'1', 0),
(101, 8, '', '2018-08-01', 'Peru', '14:00:00', '2018-08-04 13:32:35', 'По графику', b'1', 0),
(103, 12, '', '2018-08-01', 'Silver', '16:00:00', '2018-08-04 13:34:07', 'По графику', b'1', 0),
(104, 11, '', '2018-08-02', 'YellowGreen', '10:00:00', '2018-08-04 13:35:44', 'По графику', b'1', 0),
(105, 5, '', '2018-08-02', 'Sienna', '12:00:00', '2018-08-04 13:36:39', 'По графику', b'1', 0),
(107, 13, '', '2018-08-02', 'Silver', '16:00:00', '2018-08-04 13:43:12', 'По графику', b'1', 0),
(108, 1, '', '2018-08-02', 'MediumPurple', '18:00:00', '2018-08-04 13:44:00', 'По графику', b'1', 0),
(109, 4, '', '2018-08-03', 'Tan', '18:00:00', '2018-08-04 13:44:24', 'По графику', b'1', 0),
(110, 6, '', '2018-08-04', 'LightGray', '11:00:00', '2018-08-04 13:45:10', 'По графику', b'1', 0),
(111, 10, '', '2018-08-04', 'LightSkyBlue', '14:00:00', '2018-08-04 13:45:51', 'По графику', b'1', 0),
(112, 10, '', '2018-08-05', 'LightSkyBlue', '14:00:00', '2018-08-07 21:39:53', 'По графику', b'1', 0),
(113, 6, '', '2018-08-05', 'LightGray', '11:00:00', '2018-08-07 21:40:34', 'По графику', b'1', 0),
(114, 1, '', '2018-08-06', 'MediumPurple', '18:00:00', '2018-08-07 21:43:05', 'По графику', b'1', 0),
(115, 7, '', '2018-08-06', 'LightGreen', '10:00:00', '2018-08-07 21:45:28', 'По графику', b'1', 0),
(116, 2, '', '2018-08-06', 'FireBrick', '12:00:00', '2018-08-07 21:46:18', 'По графику', b'1', 0),
(117, 8, '', '2018-08-06', 'Peru', '14:00:00', '2018-08-07 21:47:03', 'По графику', b'1', 0),
(118, 12, '', '2018-08-06', 'Silver', '16:00:00', '2018-08-07 21:47:32', 'По графику', b'1', 0),
(119, 11, '', '2018-08-07', 'YellowGreen', '10:00:00', '2018-08-07 21:48:16', 'По графику', b'1', 0),
(120, 5, '', '2018-08-07', 'Sienna', '12:00:00', '2018-08-07 21:48:45', 'По графику', b'1', 0),
(121, 13, '', '2018-08-07', 'Silver', '16:00:00', '2018-08-07 21:49:48', 'По графику', b'1', 0),
(122, 2, '', '2018-11-27', 'LightSkyBlue', '06:28:00', '2018-12-03 12:29:00', 'По графику', b'1', 0);

-- --------------------------------------------------------

--
-- Структура таблицы `groups`
--

CREATE TABLE IF NOT EXISTS `groups` (
  `id` int(11) NOT NULL,
  `title` varchar(255) NOT NULL,
  `id_courses` int(11) DEFAULT NULL,
  `description` text NOT NULL,
  `status` varchar(50) NOT NULL,
  `date_up` timestamp NOT NULL DEFAULT CURRENT_TIMESTAMP,
  `active` bit(1) NOT NULL DEFAULT b'1',
  `autor` int(11) NOT NULL
) ENGINE=InnoDB AUTO_INCREMENT=14 DEFAULT CHARSET=utf8;

--
-- Дамп данных таблицы `groups`
--

INSERT INTO `groups` (`id`, `title`, `id_courses`, `description`, `status`, `date_up`, `active`, `autor`) VALUES
(1, 'джуниор1', 1, '4-6 лет. Понедельник, Четверг 17.30-18.30', 'открыта', '2018-07-11 09:26:01', b'1', 0),
(2, 'Инженеры омега', 1, '10-15 лет. Понедельник, Среда. 12.00-13.30', 'открыта', '2018-07-11 09:45:30', b'0', 0),
(3, 'Инженеры омега', 1, 'Понедельник, Среда. 12.00-13.30', 'открыта', '2018-07-11 09:45:33', b'0', 0),
(4, 'джуниор2', 1, '4-6 лет Вторник, Пятница. 17.30-18.30', 'открыта', '2018-07-11 10:04:38', b'1', 0),
(5, 'джуниор3', 1, '4-6 лет. Вторник, Четверг. 11.00-12.00', 'открыта', '2018-07-11 10:05:41', b'1', 0),
(6, 'джуниор4', 1, '4-6 лет. Суббота, Воскресенье. 12.30-13.30', 'открыта', '2018-07-11 10:06:44', b'1', 0),
(7, 'Инженеры Альфа', 1, '10-15 лет. Понедельник, Среда. 10.00-11.30', 'открыта', '2018-07-11 10:07:37', b'0', 0),
(8, 'Изобретатели Альфа', 1, '7-9 лет. Понедельник, Среда. 14.00-15.30', 'открыта', '2018-07-11 10:08:33', b'0', 0),
(9, 'Изобретатели Альфа', 1, '7-9 лет. Понедельник, Среда. 14.00-15.30', 'открыта', '2018-07-11 10:08:36', b'0', 0),
(10, 'Изобретатели Омега', 1, '7-9 лет. Суббота, Воскресенье. 14.00-15.30', 'открыта', '2018-07-11 10:09:43', b'0', 0),
(11, 'Супертехники', 1, '10-15 лет. Вторник, Четверг. 10.00-11.30', 'открыта', '2018-07-11 10:10:42', b'0', 0),
(12, 'WEB-1', 2, '12-20 лет. Понедельник, Среда. 16.00-17.30\r\nначало курса 26.06', 'закрыта', '2018-07-11 10:13:41', b'0', 0),
(13, 'WEB-2', 2, '12-20 лет. Вторник, Среда. 16.00-17.30. \r\nОткрыта 05.07.', 'открыта', '2018-07-11 10:14:40', b'0', 0);

-- --------------------------------------------------------

--
-- Структура таблицы `groups_select`
--

CREATE TABLE IF NOT EXISTS `groups_select` (
  `id_student` int(11) NOT NULL,
  `id_group` int(11) NOT NULL
) ENGINE=InnoDB DEFAULT CHARSET=utf8;

--
-- Дамп данных таблицы `groups_select`
--

INSERT INTO `groups_select` (`id_student`, `id_group`) VALUES
(21, 1),
(22, 1),
(25, 1),
(26, 1),
(27, 1),
(1, 2),
(2, 2),
(3, 2),
(4, 2),
(5, 2),
(6, 2),
(7, 2),
(8, 2),
(12, 4),
(13, 4),
(14, 4),
(15, 4),
(16, 4),
(17, 4),
(18, 4),
(19, 4),
(20, 4),
(28, 5),
(30, 5),
(31, 5),
(32, 5),
(33, 5),
(34, 5),
(36, 6),
(37, 6),
(39, 6),
(40, 6),
(41, 6),
(48, 7),
(50, 7),
(51, 7),
(52, 7),
(56, 7),
(9, 8),
(10, 8),
(11, 8),
(43, 8),
(44, 8),
(45, 8),
(46, 8),
(47, 8),
(58, 10),
(61, 10),
(74, 10),
(54, 11),
(59, 11),
(38, 12),
(65, 12),
(66, 12),
(67, 12),
(68, 12),
(69, 12),
(53, 13),
(70, 13),
(71, 13),
(72, 13),
(57, 11),
(57, 13),
(64, 12),
(42, 4),
(75, 6),
(76, 6),
(77, 6),
(23, 6),
(78, 2),
(79, 11),
(80, 10),
(81, 1),
(82, 10),
(73, 12),
(83, 10),
(84, 10);

-- --------------------------------------------------------

--
-- Структура таблицы `students`
--

CREATE TABLE IF NOT EXISTS `students` (
  `id` int(11) NOT NULL,
  `first_name` varchar(100) NOT NULL,
  `middle_name` varchar(100) NOT NULL,
  `last_name` varchar(100) NOT NULL,
  `parentFIO` varchar(150) DEFAULT NULL,
  `birthday` date DEFAULT NULL,
  `date_up` timestamp NOT NULL DEFAULT CURRENT_TIMESTAMP,
  `status` varchar(50) NOT NULL,
  `active` bit(1) NOT NULL DEFAULT b'1',
  `phone` varchar(20) NOT NULL,
  `email` varchar(50) NOT NULL,
  `adress` text NOT NULL,
  `autor` int(11) NOT NULL
) ENGINE=InnoDB AUTO_INCREMENT=85 DEFAULT CHARSET=utf8;

--
-- Дамп данных таблицы `students`
--

INSERT INTO `students` (`id`, `first_name`, `middle_name`, `last_name`, `parentFIO`, `birthday`, `date_up`, `status`, `active`, `phone`, `email`, `adress`, `autor`) VALUES
(1, 'Анастасия', 'Вячеславовна', 'Тарасова', 'Тарасова Оксана Петровна', '2007-09-23', '2018-07-11 09:48:55', 'посещает', b'1', '89182487583', '', '', 0),
(2, 'Вероника', 'Сергеевна', 'Тупицина', 'Тупицына Елена Сергеевна', '2007-06-29', '2018-07-11 09:52:43', 'посещает', b'1', ' 89615860949', '', '', 0),
(3, 'Максим', 'Александрович', 'Мысленцев', 'Мысленцева Ольга Валентиновна', '2008-04-19', '2018-07-11 09:53:45', 'посещает', b'1', '89094670897', '', '', 0),
(4, 'Семен', 'Александрович', 'Литвинов', 'Галина Анатольевна', '2004-10-19', '2018-07-11 09:55:36', 'посещает временно (приезжие)', b'1', '89264660895', '', '', 0),
(5, 'Артем', 'Александрович', 'Литвинов', NULL, '2008-11-23', '2018-07-11 09:56:47', 'посещает временно (приезжие)', b'1', '89264660895', '', '', 0),
(6, 'Николай', 'Павлович', 'Бабайкин', 'Татьяна Сергеевна, Павел', '2005-06-01', '2018-07-11 09:57:53', 'посещает', b'1', '89181100664 ', '', '', 0),
(7, 'Алиса', 'Дмитриевна', 'Суворова', 'Суворова Анна Юрьевна', '2008-02-18', '2018-07-11 09:59:30', 'посещает', b'1', '89286611444', '', '', 0),
(8, 'Никита', 'Александрович', 'Срывкин', 'Александр', '2006-10-01', '2018-07-11 10:02:38', 'посещает', b'1', '89064337346', '', '', 0),
(9, 'Дарья', 'Андреевна', 'Юрченко', 'Людмила Александровна', '2009-05-07', '2018-07-11 12:21:51', 'посещает', b'1', '89184308890', '', '', 0),
(10, 'Ярослав', 'Евгеньевич', 'Собянин', 'Марина', '2010-04-23', '2018-07-11 12:23:15', 'посещает', b'1', '89182586642', '', '', 0),
(11, 'Егор', 'Александрович', 'Кряжов', 'Анна', '2009-03-20', '2018-07-11 12:25:18', 'посещает', b'1', '89284289196', '', '', 0),
(12, 'Василий', '', 'Каменцев', '', NULL, '2018-07-17 07:14:18', 'посещает', b'1', '89181968612', '', '', 0),
(13, 'Сергей', '', 'Каменцев', '', NULL, '2018-07-17 07:15:00', 'посещает', b'1', '89181968612', '', '', 0),
(14, 'Светлана', 'Ивановна', 'Назарова', '', NULL, '2018-07-17 07:15:57', 'посещает', b'1', '89615926962', '', '', 0),
(15, 'Артем', '', 'Толкачев', '', NULL, '2018-07-17 07:16:36', '', b'1', '89002321431', '', '', 0),
(16, 'Александр', '', 'Идрисов', '', NULL, '2018-07-17 07:18:00', 'посещает', b'1', '89898224993', '', '', 0),
(17, 'Станислав', 'Игоревич', 'Терехин', 'Терехин Игорь', NULL, '2018-07-17 07:19:14', '', b'1', ' 89167050709 ', '', '', 0),
(18, 'Глеб', 'Игоревич', 'Терехин', 'Терехина Элла', NULL, '2018-07-17 07:21:28', '', b'1', '89189376116', '', '', 0),
(19, 'Владислав', '', 'Мережко', 'Мережко Алена', NULL, '2018-07-17 07:46:35', 'посещает', b'0', '89649389083', '', '', 0),
(20, 'Владислав', '', 'Мережко', 'Мережко Алена', NULL, '2018-07-17 07:46:35', 'посещает', b'0', '89649389083', '', '', 0),
(21, 'Еремей', '', 'Зайцев', 'Зыков Сергей Александрович', NULL, '2018-07-20 11:37:12', 'посещает', b'1', '89180742638', '', '', 0),
(22, 'Артем', 'Витальевич', 'Диденко', 'Диденко ', NULL, '2018-07-20 11:39:12', 'посещает', b'1', '89183775197', '', '', 0),
(23, 'Артем', 'Сергеевич', 'Дементьев', 'Дементьева Ольга Владимировна', NULL, '2018-07-20 11:40:08', 'посещает', b'1', '89183886969', '', '', 0),
(24, 'Дмитрий', '', 'Кравченко', 'Кравченко Наталья Владимировна', NULL, '2018-07-20 11:40:59', 'посещает', b'0', '89186943515', '', '', 0),
(25, 'Денис', '', 'Подойников', 'Подойникова Любовь Валерьевна', NULL, '2018-07-20 11:41:54', 'посещает', b'1', '89996339710', '', '', 0),
(26, 'Дмитрий', '', 'Лепешкин', 'Лепешкина Ольга Владимировна', NULL, '2018-07-20 11:42:33', 'посещает', b'1', '89654619825', '', '', 0),
(27, 'Адриан', '', 'Тобак', 'Мария', NULL, '2018-07-20 11:43:26', 'посещает', b'1', '89183486885, 8918445', '', '', 0),
(28, 'Александр', 'Артемович', 'Красиков', 'Ольга Красикова', NULL, '2018-07-20 11:47:05', 'посещает', b'1', '89002486556', '', '', 0),
(29, 'Никита', '', 'Иванов', 'Блинова Наталья Ивановна бабушка, мама Елена Михайловна', NULL, '2018-07-20 11:48:25', 'посещает временно (приезжие)', b'0', '89048659021', '', '', 0),
(30, 'Матвей', '', 'Аграновский', 'Татьяна', NULL, '2018-07-20 11:49:06', 'посещает временно (приезжие)', b'1', '89181892647', '', '', 0),
(31, 'Артем', '', 'Григоренко', '', NULL, '2018-07-20 11:50:03', 'посещает', b'1', '89086727577', '', '', 0),
(32, 'Сергей', '', 'Каминский', '', NULL, '2018-07-20 11:51:00', 'посещает', b'1', '89186395063', '', '', 0),
(33, 'Егор', '', 'Петров', '', NULL, '2018-07-20 11:52:32', 'посещает только по четвергам 1 раз в неделю', b'1', '89384130122', '', '', 0),
(34, 'Максим', '', 'Петров', '', NULL, '2018-07-20 11:52:55', 'посещает только по четвергам 1 раз в неделю', b'1', '89384130122', '', '', 0),
(35, 'Никита', '', 'Голованов', '', NULL, '2018-07-20 11:54:01', 'посещает временно (приезжие)', b'0', '', '', '', 0),
(36, 'Тимур', '', 'Серебренников', '', NULL, '2018-07-20 11:56:47', 'посещает', b'1', '89181418441', '', '', 0),
(37, 'Тимур', 'Рамисович', 'Газизуллин', 'Анастасия', NULL, '2018-07-20 11:57:54', 'посещает', b'1', '89181991747', '', '', 0),
(38, 'Никита', '', 'Чистов', 'Анастасия', NULL, '2018-07-20 11:58:19', 'посещает', b'1', '89181991747', '', '', 0),
(39, 'Александр', '', 'Суворов', 'Суворова Анна Юрьевна', NULL, '2018-07-20 11:59:45', 'посещает', b'1', '89286611444', '', '', 0),
(40, 'Вячеслав', '', 'Сергеев', '', NULL, '2018-07-20 12:02:33', 'посещает', b'1', '89298451640', '', '', 0),
(41, 'Александр', '', 'Александров', '', NULL, '2018-07-20 12:03:05', 'посещает', b'1', '89628540939', '', '', 0),
(42, 'Владислав', '', 'Мережко', 'Алена', NULL, '2018-07-20 12:05:35', '', b'1', '89649389083', '', '', 0),
(43, 'Арсений', 'Евгеньевич', 'Бородин', 'Евгений, Вера', NULL, '2018-07-20 12:08:15', 'посещает', b'1', '89183102030, 8988333', '', '', 0),
(44, 'Аким', '', 'Царев', 'Ольга Викторовна', NULL, '2018-07-20 12:10:18', 'посещает', b'1', '89180279010', '', '', 0),
(45, 'Анна', 'Ивановна', 'Назарова', 'Назарова Евгения', NULL, '2018-07-20 12:11:43', 'посещает', b'1', '89615926962', '', '', 0),
(46, 'Илья', '', 'Горобец', 'Наталья', '2008-10-08', '2018-07-20 12:12:23', 'посещает', b'1', '89183141494', '', '', 0),
(47, 'Тимофей', '', 'Петухов', 'Мария', '2010-04-26', '2018-07-20 12:13:29', 'посещает после АМАКИДС', b'1', '89182682355 ', '', '', 0),
(48, 'Владимир', '', 'Ибрагимов', 'Юлия Ибрагимова', NULL, '2018-07-20 12:14:47', 'посещает', b'1', '89528345955', '', '', 0),
(49, 'Димитрий', '', 'Лыков', 'папа  89286000477', NULL, '2018-07-20 12:17:19', 'уехал в лагерь', b'0', '89649043210', '', '', 0),
(50, 'Северин', '', 'Тобак', 'Мария', NULL, '2018-07-20 12:18:05', 'посещает', b'1', '89183486885', '', '', 0),
(51, 'Дмитрий', '', 'Завадовский', 'Елена Анатольевна', NULL, '2018-07-20 12:19:33', 'посещает', b'1', '89186862116', '', '', 0),
(52, 'Диана', '', 'Идрисова', '', NULL, '2018-07-20 12:20:09', 'посещает', b'1', '89898224993', '', '', 0),
(53, 'Ярослав', 'Андреевич', 'Резниченко', 'Светлана 89189849121 , Андрей', NULL, '2018-07-20 12:21:50', 'посещает', b'1', '89182606667 папа', '', '', 0),
(54, 'Владимир', '', 'Варич', '', NULL, '2018-07-20 12:24:24', 'посещает', b'1', ' 89183684011', '', '', 0),
(55, 'Лев', '', 'Кигурадзе', '', NULL, '2018-07-20 12:25:49', 'посещает', b'0', '89284415322', '', '', 0),
(56, 'Артем', '', 'Егунов', '', NULL, '2018-07-20 12:26:26', 'посещает временно (приезжие)', b'1', '89186943045', '', '', 0),
(57, 'Артем', '', 'Сорока', '', NULL, '2018-07-20 12:28:44', 'посещает', b'1', '89604805616', '', '', 0),
(58, 'Семен ', '', 'Сорока', '', NULL, '2018-07-20 12:29:17', 'посещает', b'1', '89604805616', '', '', 0),
(59, 'Андрей', '', 'Юрченко', '', NULL, '2018-07-20 12:30:00', 'посещает', b'1', '89284369107', '', '', 0),
(60, 'Артем', 'Витальевич', 'Малютин', 'Малютин Виталий', NULL, '2018-07-20 12:31:47', '', b'0', '89883822222', '', '', 0),
(61, 'Никита', '', 'Иванов', 'Альбина', NULL, '2018-07-20 12:32:41', 'посещает', b'1', '89182121052', '', '', 0),
(62, 'Иван', '', 'Лобачев', 'Екатерина', NULL, '2018-07-20 12:33:32', '', b'0', '893853120009 ', '', '', 0),
(63, 'Иван', '', 'Картозия', '', NULL, '2018-07-20 12:34:18', 'посещает временно (приезжие)', b'0', ' 89147801865 ', '', '', 0),
(64, 'Дмитрий', '', 'Шихаев', 'Шихаева Татьяна Вячеславовна', NULL, '2018-07-20 12:35:54', 'посещает', b'1', '89884896537', '', '', 0),
(65, 'Елизавета', '', 'Ромашова', '', NULL, '2018-07-20 12:38:05', 'посещает', b'1', '89184554266', '', '', 0),
(66, 'Татьяна', '', 'Пожидаева', '', NULL, '2018-07-20 12:38:56', 'посещает', b'1', '89282176838', '', '', 0),
(67, 'Яна', '', 'Ярокова', '', NULL, '2018-07-20 12:39:29', 'посещает', b'1', '89182555200', '', '', 0),
(68, 'Максим', '', 'Бойко', '', NULL, '2018-07-20 12:40:01', 'посещает', b'1', '89094549114', '', '', 0),
(69, 'Сергей', '', 'Кравчина', 'Ирина', NULL, '2018-07-20 12:40:48', 'посещает', b'1', '89615947430', '', '', 0),
(70, 'Валерий', '', 'Столяров', 'Дубовиков', NULL, '2018-07-20 12:41:40', 'посещает', b'1', '89184179674 ', '', '', 0),
(71, 'Софья', '', 'Журбенко', '', NULL, '2018-07-20 12:42:13', 'посещает', b'1', '89054948457', '', '', 0),
(72, 'Ростислав', '', 'Сосновый', '', NULL, '2018-07-20 12:42:46', 'посещает', b'1', '89298260341', '', '', 0),
(73, 'Олег', 'Максимович', 'Горбачев', 'Максим', NULL, '2018-07-20 12:43:39', 'посещает', b'1', '89284095470', '', '', 0),
(74, 'Иван', '', 'Колесник', 'Татьяна Сергеевна', '2008-10-12', '2018-07-22 11:37:12', 'посещает', b'1', '89094710209', '', '', 0),
(75, 'Владимир', '', 'Изместьев', 'Надежда', NULL, '2018-08-04 12:37:00', 'посещает', b'1', ' 89182153311', '', '', 0),
(76, 'Эдуард', '', 'Сивокозов', '', NULL, '2018-08-04 12:38:50', 'посещает', b'1', '89615155682', '', '', 0),
(77, 'Константин', '', 'Родченко', '', NULL, '2018-08-04 12:39:51', 'посещает', b'1', '89298272336 ', '', '', 0),
(78, 'Ярослав', '', 'Кравчук', 'Юлия Валентинова', NULL, '2018-08-04 12:44:10', 'посещает', b'1', '', '', '', 0),
(79, 'Кирилл', 'Валерьевич', 'Березин', 'Оксана Николаевна', NULL, '2018-08-04 12:45:02', 'посещает', b'1', '89528407119', '', '', 0),
(80, 'Роман', '', 'Кошлец', 'Анна', NULL, '2018-08-04 13:04:54', 'посещает', b'1', ' 89530813423 ', '', '', 0),
(81, 'Артемий', '', 'Глег', '', NULL, '2018-08-04 13:06:13', 'посещает', b'1', '89298374247', '', '', 0),
(82, 'Арсений', '', 'Габибов', 'Лариса Владимировна бабушка', NULL, '2018-08-04 13:09:34', 'посещает', b'1', '89622993409', '', '', 0),
(83, 'Иван', '', 'Соловьянов', 'Анна', NULL, '2018-08-07 21:38:52', 'посещает', b'1', '89384176088', '', '', 0),
(84, 'Ярослав', '', 'Евсюков', '', NULL, '2018-08-07 21:39:33', 'посещает', b'1', '89284185496 ', '', '', 0);

-- --------------------------------------------------------

--
-- Структура таблицы `students_balans`
--

CREATE TABLE IF NOT EXISTS `students_balans` (
  `id` int(11) NOT NULL,
  `id_students` int(11) NOT NULL,
  `balance` decimal(10,0) NOT NULL,
  `date_up` int(11) NOT NULL,
  `active` bit(1) NOT NULL DEFAULT b'1'
) ENGINE=InnoDB DEFAULT CHARSET=utf8;

-- --------------------------------------------------------

--
-- Структура таблицы `students_courses`
--

CREATE TABLE IF NOT EXISTS `students_courses` (
  `id` int(11) NOT NULL,
  `id_student` int(11) NOT NULL,
  `id_course` int(11) NOT NULL,
  `id_payment` int(11) NOT NULL,
  `date_up` timestamp NOT NULL DEFAULT CURRENT_TIMESTAMP,
  `autor` int(11) NOT NULL
) ENGINE=InnoDB DEFAULT CHARSET=utf8;

-- --------------------------------------------------------

--
-- Структура таблицы `students_payment`
--

CREATE TABLE IF NOT EXISTS `students_payment` (
  `id` int(11) NOT NULL,
  `id_course` int(11) NOT NULL,
  `id_group` int(11) NOT NULL,
  `id_student` int(11) NOT NULL,
  `price` decimal(10,0) NOT NULL,
  `date_up` timestamp NOT NULL DEFAULT CURRENT_TIMESTAMP,
  `count` int(11) DEFAULT NULL,
  `type` varchar(30) DEFAULT NULL,
  `status` tinyint(1) NOT NULL DEFAULT '0',
  `date` date DEFAULT NULL,
  `active` bit(1) NOT NULL DEFAULT b'1'
) ENGINE=InnoDB AUTO_INCREMENT=24 DEFAULT CHARSET=utf8;

--
-- Дамп данных таблицы `students_payment`
--

INSERT INTO `students_payment` (`id`, `id_course`, `id_group`, `id_student`, `price`, `date_up`, `count`, `type`, `status`, `date`, `active`) VALUES
(1, 1, 1, 21, 2400, '2018-07-25 10:42:06', 8, 'Безналичный', 1, '2018-07-05', b'1'),
(3, 1, 1, 22, 2400, '2018-07-25 12:17:45', 8, 'Безналичный', 1, '2018-07-02', b'1'),
(4, 1, 1, 24, 2400, '2018-07-25 12:18:43', 8, 'Безналичный', 1, '2018-07-02', b'1'),
(5, 1, 1, 25, 2400, '2018-07-25 12:19:27', 8, 'Безналичный', 1, '2018-07-02', b'1'),
(6, 1, 1, 26, 2400, '2018-07-25 12:23:55', 8, 'Наличный', 1, '2018-07-05', b'1'),
(7, 1, 1, 27, 2400, '2018-07-25 12:24:45', 8, 'Безналичный', 1, '2018-07-02', b'1'),
(8, 1, 4, 12, 2400, '2018-07-25 12:25:41', 8, 'Безналичный', 1, '2018-07-13', b'1'),
(9, 1, 4, 13, 1200, '2018-07-25 12:26:02', 8, 'Безналичный', 1, '2018-07-13', b'1'),
(10, 1, 4, 15, 2400, '2018-07-25 12:26:35', 8, 'Безналичный', 1, '2018-07-24', b'1'),
(11, 1, 4, 17, 2400, '2018-07-25 12:27:09', 8, 'Безналичный', 1, '2018-07-06', b'1'),
(12, 1, 4, 18, 1200, '2018-07-25 12:27:37', 8, 'Безналичный', 1, '2018-07-06', b'1'),
(13, 1, 4, 42, 2400, '2018-07-25 12:28:38', 8, 'Безналичный', 1, '2018-07-15', b'1'),
(14, 1, 5, 28, 2400, '2018-07-25 12:29:24', 8, 'Безналичный', 1, '2018-07-03', b'1'),
(15, 1, 5, 29, 2400, '2018-07-25 12:31:33', 8, 'Безналичный', 1, '2018-07-03', b'1'),
(16, 1, 5, 31, 2400, '2018-07-25 12:32:49', 8, 'Безналичный', 1, '2018-07-19', b'1'),
(17, 1, 5, 32, 2400, '2018-07-25 12:34:18', 8, 'Наличный', 1, '2018-07-12', b'1'),
(18, 1, 5, 33, 1200, '2018-07-25 12:35:58', 4, 'Наличный', 1, '2018-07-10', b'1'),
(19, 1, 5, 34, 1200, '2018-07-25 12:36:17', 4, 'Наличный', 1, '2018-07-10', b'1'),
(20, 1, 6, 36, 2400, '2018-07-25 12:37:12', 8, 'Безналичный', 1, '2018-07-22', b'1'),
(21, 1, 6, 39, 2400, '2018-07-25 12:38:02', 8, 'Безналичный', 1, '2018-07-07', b'1'),
(22, 1, 6, 40, 2400, '2018-07-25 12:38:45', 8, 'Безналичный', 1, '2018-07-15', b'1'),
(23, 1, 2, 1, 111, '2018-08-27 11:47:19', 1111, 'Безналичный', 1, '2018-08-22', b'0');

-- --------------------------------------------------------

--
-- Структура таблицы `students_visits`
--

CREATE TABLE IF NOT EXISTS `students_visits` (
  `events_id` int(11) DEFAULT NULL,
  `student_id` int(11) DEFAULT NULL,
  `status` int(1) DEFAULT NULL,
  `absence` varchar(20) DEFAULT NULL,
  `date_up` timestamp NOT NULL DEFAULT CURRENT_TIMESTAMP
) ENGINE=InnoDB DEFAULT CHARSET=utf8;

--
-- Дамп данных таблицы `students_visits`
--

INSERT INTO `students_visits` (`events_id`, `student_id`, `status`, `absence`, `date_up`) VALUES
(5, 58, 0, NULL, '2018-07-21 09:01:46'),
(5, 60, 0, NULL, '2018-07-21 09:01:46'),
(5, 61, 1, NULL, '2018-07-21 09:01:46'),
(5, 62, 1, NULL, '2018-07-21 09:01:46'),
(5, 63, 0, NULL, '2018-07-21 09:01:46'),
(8, 54, 1, NULL, '2018-07-21 09:20:26'),
(8, 57, 0, NULL, '2018-07-21 09:20:26'),
(8, 59, 0, NULL, '2018-07-21 09:20:26'),
(9, 54, 1, NULL, '2018-07-21 09:21:13'),
(9, 57, 1, NULL, '2018-07-21 09:21:13'),
(9, 59, 1, NULL, '2018-07-21 09:21:13'),
(10, 54, 1, NULL, '2018-07-21 09:21:37'),
(10, 57, 1, NULL, '2018-07-21 09:21:37'),
(10, 59, 1, NULL, '2018-07-21 09:21:37'),
(11, 54, 1, NULL, '2018-07-21 09:22:03'),
(11, 57, 1, NULL, '2018-07-21 09:22:03'),
(11, 59, 1, NULL, '2018-07-21 09:22:03'),
(13, 54, 1, NULL, '2018-07-21 09:23:08'),
(13, 57, 1, NULL, '2018-07-21 09:23:08'),
(13, 59, 1, NULL, '2018-07-21 09:23:08'),
(14, 54, 1, NULL, '2018-07-21 09:24:15'),
(14, 57, 1, NULL, '2018-07-21 09:24:15'),
(14, 59, 1, NULL, '2018-07-21 09:24:15'),
(15, 21, 0, NULL, '2018-07-21 10:05:21'),
(15, 22, 1, NULL, '2018-07-21 10:05:21'),
(15, 23, 0, NULL, '2018-07-21 10:05:21'),
(15, 24, 1, NULL, '2018-07-21 10:05:21'),
(15, 25, 1, NULL, '2018-07-21 10:05:21'),
(15, 26, 0, NULL, '2018-07-21 10:05:21'),
(15, 27, 0, NULL, '2018-07-21 10:05:21'),
(16, 21, 0, NULL, '2018-07-21 10:06:30'),
(16, 22, 1, NULL, '2018-07-21 10:06:30'),
(16, 23, 0, NULL, '2018-07-21 10:06:30'),
(16, 24, 1, NULL, '2018-07-21 10:06:30'),
(16, 25, 1, NULL, '2018-07-21 10:06:30'),
(16, 26, 1, NULL, '2018-07-21 10:06:30'),
(16, 27, 1, NULL, '2018-07-21 10:06:30'),
(17, 21, 1, NULL, '2018-07-21 10:07:09'),
(17, 22, 0, NULL, '2018-07-21 10:07:09'),
(17, 23, 1, NULL, '2018-07-21 10:07:09'),
(17, 24, 1, NULL, '2018-07-21 10:07:09'),
(17, 25, 1, NULL, '2018-07-21 10:07:09'),
(17, 26, 1, NULL, '2018-07-21 10:07:09'),
(17, 27, 1, NULL, '2018-07-21 10:07:09'),
(18, 21, 1, NULL, '2018-07-21 10:07:49'),
(18, 22, 1, NULL, '2018-07-21 10:07:49'),
(18, 23, 0, NULL, '2018-07-21 10:07:49'),
(18, 24, 1, NULL, '2018-07-21 10:07:49'),
(18, 25, 1, NULL, '2018-07-21 10:07:49'),
(18, 26, 1, NULL, '2018-07-21 10:07:49'),
(18, 27, 1, NULL, '2018-07-21 10:07:49'),
(20, 21, 1, NULL, '2018-07-21 10:08:31'),
(20, 22, 1, NULL, '2018-07-21 10:08:31'),
(20, 23, 0, NULL, '2018-07-21 10:08:31'),
(20, 24, 1, NULL, '2018-07-21 10:08:31'),
(20, 25, 1, NULL, '2018-07-21 10:08:31'),
(20, 26, 1, NULL, '2018-07-21 10:08:31'),
(20, 27, 1, NULL, '2018-07-21 10:08:31'),
(21, 21, 1, NULL, '2018-07-21 10:09:08'),
(21, 22, 1, NULL, '2018-07-21 10:09:08'),
(21, 23, 0, NULL, '2018-07-21 10:09:08'),
(21, 24, 1, NULL, '2018-07-21 10:09:08'),
(21, 25, 1, NULL, '2018-07-21 10:09:08'),
(21, 26, 1, NULL, '2018-07-21 10:09:08'),
(21, 27, 1, NULL, '2018-07-21 10:09:08'),
(22, 12, 1, NULL, '2018-07-21 10:15:05'),
(22, 13, 1, NULL, '2018-07-21 10:15:05'),
(22, 14, 0, NULL, '2018-07-21 10:15:05'),
(22, 15, 0, NULL, '2018-07-21 10:15:05'),
(22, 16, 0, NULL, '2018-07-21 10:15:05'),
(22, 17, 1, NULL, '2018-07-21 10:15:05'),
(22, 18, 1, NULL, '2018-07-21 10:15:05'),
(22, 19, 0, NULL, '2018-07-21 10:15:05'),
(22, 20, 0, NULL, '2018-07-21 10:15:05'),
(23, 12, 1, NULL, '2018-07-21 10:15:40'),
(23, 13, 1, NULL, '2018-07-21 10:15:40'),
(23, 14, 0, NULL, '2018-07-21 10:15:40'),
(23, 15, 0, NULL, '2018-07-21 10:15:40'),
(23, 16, 0, NULL, '2018-07-21 10:15:40'),
(23, 17, 1, NULL, '2018-07-21 10:15:40'),
(23, 18, 1, NULL, '2018-07-21 10:15:40'),
(23, 19, 0, NULL, '2018-07-21 10:15:40'),
(23, 20, 0, NULL, '2018-07-21 10:15:40'),
(24, 12, 1, NULL, '2018-07-21 10:16:07'),
(24, 13, 1, NULL, '2018-07-21 10:16:07'),
(24, 14, 0, NULL, '2018-07-21 10:16:07'),
(24, 15, 0, NULL, '2018-07-21 10:16:07'),
(24, 16, 0, NULL, '2018-07-21 10:16:07'),
(24, 17, 1, NULL, '2018-07-21 10:16:07'),
(24, 18, 1, NULL, '2018-07-21 10:16:07'),
(24, 19, 1, NULL, '2018-07-21 10:16:07'),
(24, 20, 0, NULL, '2018-07-21 10:16:07'),
(25, 12, 1, NULL, '2018-07-21 10:20:34'),
(25, 13, 1, NULL, '2018-07-21 10:20:34'),
(25, 14, 0, NULL, '2018-07-21 10:20:34'),
(25, 15, 0, NULL, '2018-07-21 10:20:34'),
(25, 16, 0, NULL, '2018-07-21 10:20:34'),
(25, 17, 1, NULL, '2018-07-21 10:20:34'),
(25, 18, 1, NULL, '2018-07-21 10:20:34'),
(25, 19, 1, NULL, '2018-07-21 10:20:34'),
(25, 20, 0, NULL, '2018-07-21 10:20:34'),
(26, 28, 1, NULL, '2018-07-21 11:03:40'),
(26, 29, 0, NULL, '2018-07-21 11:03:40'),
(26, 30, 0, NULL, '2018-07-21 11:03:40'),
(26, 31, 0, NULL, '2018-07-21 11:03:40'),
(26, 32, 0, NULL, '2018-07-21 11:03:40'),
(26, 33, 0, NULL, '2018-07-21 11:03:40'),
(26, 34, 0, NULL, '2018-07-21 11:03:40'),
(27, 28, 1, NULL, '2018-07-21 11:04:26'),
(27, 29, 1, NULL, '2018-07-21 11:04:26'),
(27, 30, 0, NULL, '2018-07-21 11:04:26'),
(27, 31, 0, NULL, '2018-07-21 11:04:26'),
(27, 32, 0, NULL, '2018-07-21 11:04:26'),
(27, 33, 0, NULL, '2018-07-21 11:04:26'),
(27, 34, 0, NULL, '2018-07-21 11:04:26'),
(28, 28, 0, NULL, '2018-07-21 11:05:02'),
(28, 29, 1, NULL, '2018-07-21 11:05:02'),
(28, 30, 0, NULL, '2018-07-21 11:05:02'),
(28, 31, 0, NULL, '2018-07-21 11:05:02'),
(28, 32, 0, NULL, '2018-07-21 11:05:02'),
(28, 33, 0, NULL, '2018-07-21 11:05:02'),
(28, 34, 0, NULL, '2018-07-21 11:05:02'),
(29, 28, 1, NULL, '2018-07-21 11:07:49'),
(29, 29, 1, NULL, '2018-07-21 11:07:49'),
(29, 30, 0, NULL, '2018-07-21 11:07:49'),
(29, 31, 0, NULL, '2018-07-21 11:07:49'),
(29, 32, 1, NULL, '2018-07-21 11:07:49'),
(29, 33, 1, NULL, '2018-07-21 11:07:49'),
(29, 34, 1, NULL, '2018-07-21 11:07:49'),
(30, 28, 1, NULL, '2018-07-21 11:08:18'),
(30, 29, 1, NULL, '2018-07-21 11:08:18'),
(30, 30, 0, NULL, '2018-07-21 11:08:18'),
(30, 31, 0, NULL, '2018-07-21 11:08:18'),
(30, 32, 1, NULL, '2018-07-21 11:08:18'),
(30, 33, 0, NULL, '2018-07-21 11:08:18'),
(30, 34, 0, NULL, '2018-07-21 11:08:18'),
(31, 28, 1, NULL, '2018-07-21 11:08:58'),
(31, 29, 1, NULL, '2018-07-21 11:08:58'),
(31, 30, 1, NULL, '2018-07-21 11:08:58'),
(31, 31, 0, NULL, '2018-07-21 11:08:58'),
(31, 32, 1, NULL, '2018-07-21 11:08:58'),
(31, 33, 1, NULL, '2018-07-21 11:08:58'),
(31, 34, 1, NULL, '2018-07-21 11:08:58'),
(32, 35, 0, NULL, '2018-07-21 11:18:41'),
(32, 36, 0, NULL, '2018-07-21 11:18:41'),
(32, 37, 0, NULL, '2018-07-21 11:18:41'),
(32, 39, 1, NULL, '2018-07-21 11:18:41'),
(32, 40, 0, NULL, '2018-07-21 11:18:41'),
(32, 41, 0, NULL, '2018-07-21 11:18:41'),
(32, 42, 0, NULL, '2018-07-21 11:18:41'),
(33, 35, 0, NULL, '2018-07-21 11:20:03'),
(33, 36, 0, NULL, '2018-07-21 11:20:03'),
(33, 37, 0, NULL, '2018-07-21 11:20:03'),
(33, 39, 1, NULL, '2018-07-21 11:20:03'),
(33, 40, 0, NULL, '2018-07-21 11:20:03'),
(33, 41, 1, NULL, '2018-07-21 11:20:03'),
(33, 42, 0, NULL, '2018-07-21 11:20:03'),
(34, 35, 0, NULL, '2018-07-21 11:20:41'),
(34, 36, 0, NULL, '2018-07-21 11:20:41'),
(34, 37, 0, NULL, '2018-07-21 11:20:41'),
(34, 39, 1, NULL, '2018-07-21 11:20:41'),
(34, 40, 1, NULL, '2018-07-21 11:20:41'),
(34, 41, 1, NULL, '2018-07-21 11:20:41'),
(34, 42, 0, NULL, '2018-07-21 11:20:41'),
(35, 35, 1, NULL, '2018-07-21 11:21:35'),
(35, 36, 1, NULL, '2018-07-21 11:21:35'),
(35, 37, 1, NULL, '2018-07-21 11:21:35'),
(35, 39, 1, NULL, '2018-07-21 11:21:35'),
(35, 40, 1, NULL, '2018-07-21 11:21:35'),
(35, 41, 1, NULL, '2018-07-21 11:21:35'),
(35, 42, 0, NULL, '2018-07-21 11:21:35'),
(36, 9, 0, NULL, '2018-07-21 11:28:36'),
(36, 10, 0, NULL, '2018-07-21 11:28:36'),
(36, 11, 0, NULL, '2018-07-21 11:28:36'),
(36, 43, 0, NULL, '2018-07-21 11:28:36'),
(36, 44, 1, NULL, '2018-07-21 11:28:36'),
(36, 45, 0, NULL, '2018-07-21 11:28:36'),
(36, 46, 0, NULL, '2018-07-21 11:28:36'),
(36, 47, 0, NULL, '2018-07-21 11:28:36'),
(37, 9, 1, NULL, '2018-07-21 11:29:30'),
(37, 10, 1, NULL, '2018-07-21 11:29:30'),
(37, 11, 0, NULL, '2018-07-21 11:29:30'),
(37, 43, 0, NULL, '2018-07-21 11:29:30'),
(37, 44, 0, NULL, '2018-07-21 11:29:30'),
(37, 45, 0, NULL, '2018-07-21 11:29:30'),
(37, 46, 0, NULL, '2018-07-21 11:29:30'),
(37, 47, 1, NULL, '2018-07-21 11:29:30'),
(38, 9, 1, NULL, '2018-07-21 11:30:20'),
(38, 10, 1, NULL, '2018-07-21 11:30:20'),
(38, 11, 1, NULL, '2018-07-21 11:30:20'),
(38, 43, 0, NULL, '2018-07-21 11:30:20'),
(38, 44, 0, NULL, '2018-07-21 11:30:20'),
(38, 45, 0, NULL, '2018-07-21 11:30:20'),
(38, 46, 1, NULL, '2018-07-21 11:30:20'),
(38, 47, 1, NULL, '2018-07-21 11:30:20'),
(39, 9, 1, NULL, '2018-07-21 11:31:08'),
(39, 10, 1, NULL, '2018-07-21 11:31:08'),
(39, 11, 1, NULL, '2018-07-21 11:31:08'),
(39, 43, 0, NULL, '2018-07-21 11:31:08'),
(39, 44, 0, NULL, '2018-07-21 11:31:08'),
(39, 45, 0, NULL, '2018-07-21 11:31:08'),
(39, 46, 1, NULL, '2018-07-21 11:31:08'),
(39, 47, 1, NULL, '2018-07-21 11:31:08'),
(40, 48, 0, NULL, '2018-07-21 11:36:46'),
(40, 49, 0, NULL, '2018-07-21 11:36:46'),
(40, 50, 0, NULL, '2018-07-21 11:36:46'),
(40, 51, 0, NULL, '2018-07-21 11:36:46'),
(40, 52, 0, NULL, '2018-07-21 11:36:46'),
(40, 55, 1, NULL, '2018-07-21 11:36:46'),
(40, 56, 0, NULL, '2018-07-21 11:36:46'),
(41, 48, 0, NULL, '2018-07-21 11:37:31'),
(41, 49, 0, NULL, '2018-07-21 11:37:31'),
(41, 50, 1, NULL, '2018-07-21 11:37:31'),
(41, 51, 0, NULL, '2018-07-21 11:37:31'),
(41, 52, 0, NULL, '2018-07-21 11:37:31'),
(41, 55, 1, NULL, '2018-07-21 11:37:31'),
(41, 56, 0, NULL, '2018-07-21 11:37:31'),
(42, 48, 0, NULL, '2018-07-21 11:37:59'),
(42, 49, 0, NULL, '2018-07-21 11:37:59'),
(42, 50, 1, NULL, '2018-07-21 11:37:59'),
(42, 51, 0, NULL, '2018-07-21 11:37:59'),
(42, 52, 0, NULL, '2018-07-21 11:37:59'),
(42, 55, 1, NULL, '2018-07-21 11:37:59'),
(42, 56, 0, NULL, '2018-07-21 11:37:59'),
(43, 48, 0, NULL, '2018-07-21 11:38:24'),
(43, 49, 0, NULL, '2018-07-21 11:38:24'),
(43, 50, 1, NULL, '2018-07-21 11:38:24'),
(43, 51, 0, NULL, '2018-07-21 11:38:24'),
(43, 52, 0, NULL, '2018-07-21 11:38:24'),
(43, 55, 1, NULL, '2018-07-21 11:38:24'),
(43, 56, 0, NULL, '2018-07-21 11:38:24'),
(44, 48, 0, NULL, '2018-07-21 11:38:59'),
(44, 49, 0, NULL, '2018-07-21 11:38:59'),
(44, 50, 1, NULL, '2018-07-21 11:38:59'),
(44, 51, 0, NULL, '2018-07-21 11:38:59'),
(44, 52, 0, NULL, '2018-07-21 11:38:59'),
(44, 55, 1, NULL, '2018-07-21 11:38:59'),
(44, 56, 1, NULL, '2018-07-21 11:38:59'),
(45, 1, 0, NULL, '2018-07-21 11:42:52'),
(45, 2, 0, NULL, '2018-07-21 11:42:52'),
(45, 3, 1, NULL, '2018-07-21 11:42:52'),
(45, 4, 0, NULL, '2018-07-21 11:42:52'),
(45, 5, 0, NULL, '2018-07-21 11:42:52'),
(45, 6, 0, NULL, '2018-07-21 11:42:52'),
(45, 7, 1, NULL, '2018-07-21 11:42:52'),
(45, 8, 0, NULL, '2018-07-21 11:42:52'),
(46, 1, 1, NULL, '2018-07-21 11:43:45'),
(46, 2, 1, NULL, '2018-07-21 11:43:45'),
(46, 3, 1, NULL, '2018-07-21 11:43:45'),
(46, 4, 0, NULL, '2018-07-21 11:43:45'),
(46, 5, 0, NULL, '2018-07-21 11:43:45'),
(46, 6, 0, NULL, '2018-07-21 11:43:45'),
(46, 7, 1, NULL, '2018-07-21 11:43:45'),
(46, 8, 0, NULL, '2018-07-21 11:43:45'),
(47, 1, 1, NULL, '2018-07-21 11:44:26'),
(47, 2, 1, NULL, '2018-07-21 11:44:26'),
(47, 3, 1, NULL, '2018-07-21 11:44:26'),
(47, 4, 0, NULL, '2018-07-21 11:44:26'),
(47, 5, 0, NULL, '2018-07-21 11:44:26'),
(47, 6, 0, NULL, '2018-07-21 11:44:26'),
(47, 7, 1, NULL, '2018-07-21 11:44:26'),
(47, 8, 0, NULL, '2018-07-21 11:44:26'),
(48, 1, 1, NULL, '2018-07-21 11:44:59'),
(48, 2, 1, NULL, '2018-07-21 11:44:59'),
(48, 3, 1, NULL, '2018-07-21 11:44:59'),
(48, 4, 0, NULL, '2018-07-21 11:44:59'),
(48, 5, 0, NULL, '2018-07-21 11:44:59'),
(48, 6, 0, NULL, '2018-07-21 11:44:59'),
(48, 7, 1, NULL, '2018-07-21 11:44:59'),
(48, 8, 0, NULL, '2018-07-21 11:44:59'),
(49, 1, 1, NULL, '2018-07-21 11:45:31'),
(49, 2, 1, NULL, '2018-07-21 11:45:31'),
(49, 3, 1, NULL, '2018-07-21 11:45:31'),
(49, 4, 0, NULL, '2018-07-21 11:45:31'),
(49, 5, 0, NULL, '2018-07-21 11:45:31'),
(49, 6, 0, NULL, '2018-07-21 11:45:31'),
(49, 7, 1, NULL, '2018-07-21 11:45:31'),
(49, 8, 0, NULL, '2018-07-21 11:45:31'),
(50, 1, 1, NULL, '2018-07-21 11:46:05'),
(50, 2, 1, NULL, '2018-07-21 11:46:05'),
(50, 3, 1, NULL, '2018-07-21 11:46:05'),
(50, 4, 0, NULL, '2018-07-21 11:46:05'),
(50, 5, 0, NULL, '2018-07-21 11:46:05'),
(50, 6, 0, NULL, '2018-07-21 11:46:05'),
(50, 7, 1, NULL, '2018-07-21 11:46:05'),
(50, 8, 0, NULL, '2018-07-21 11:46:05'),
(52, 38, 1, NULL, '2018-07-21 11:54:49'),
(52, 53, 0, NULL, '2018-07-21 11:54:49'),
(52, 64, 1, NULL, '2018-07-21 11:54:49'),
(52, 65, 1, NULL, '2018-07-21 11:54:49'),
(52, 66, 1, NULL, '2018-07-21 11:54:49'),
(52, 67, 1, NULL, '2018-07-21 11:54:49'),
(52, 68, 1, NULL, '2018-07-21 11:54:49'),
(52, 69, 1, NULL, '2018-07-21 11:54:49'),
(53, 38, 1, NULL, '2018-07-21 11:56:18'),
(53, 53, 0, NULL, '2018-07-21 11:56:18'),
(53, 64, 1, NULL, '2018-07-21 11:56:18'),
(53, 65, 1, NULL, '2018-07-21 11:56:18'),
(53, 66, 1, NULL, '2018-07-21 11:56:18'),
(53, 67, 1, NULL, '2018-07-21 11:56:18'),
(53, 68, 1, NULL, '2018-07-21 11:56:18'),
(53, 69, 1, NULL, '2018-07-21 11:56:18'),
(54, 38, 1, NULL, '2018-07-21 11:56:55'),
(54, 53, 0, NULL, '2018-07-21 11:56:55'),
(54, 64, 1, NULL, '2018-07-21 11:56:55'),
(54, 65, 1, NULL, '2018-07-21 11:56:55'),
(54, 66, 1, NULL, '2018-07-21 11:56:55'),
(54, 67, 1, NULL, '2018-07-21 11:56:55'),
(54, 68, 1, NULL, '2018-07-21 11:56:55'),
(54, 69, 1, NULL, '2018-07-21 11:56:55'),
(55, 38, 1, NULL, '2018-07-21 11:57:52'),
(55, 64, 1, NULL, '2018-07-21 11:57:52'),
(55, 65, 1, NULL, '2018-07-21 11:57:52'),
(55, 66, 1, NULL, '2018-07-21 11:57:52'),
(55, 67, 1, NULL, '2018-07-21 11:57:52'),
(55, 68, 1, NULL, '2018-07-21 11:57:52'),
(55, 69, 1, NULL, '2018-07-21 11:57:52'),
(56, 38, 1, NULL, '2018-07-21 11:58:25'),
(56, 64, 1, NULL, '2018-07-21 11:58:25'),
(56, 65, 1, NULL, '2018-07-21 11:58:25'),
(56, 66, 1, NULL, '2018-07-21 11:58:25'),
(56, 67, 1, NULL, '2018-07-21 11:58:25'),
(56, 68, 1, NULL, '2018-07-21 11:58:25'),
(56, 69, 1, NULL, '2018-07-21 11:58:25'),
(57, 38, 1, NULL, '2018-07-21 11:58:48'),
(57, 64, 1, NULL, '2018-07-21 11:58:48'),
(57, 65, 1, NULL, '2018-07-21 11:58:48'),
(57, 66, 1, NULL, '2018-07-21 11:58:48'),
(57, 67, 1, NULL, '2018-07-21 11:58:48'),
(57, 68, 1, NULL, '2018-07-21 11:58:48'),
(57, 69, 1, NULL, '2018-07-21 11:58:48'),
(58, 53, 0, NULL, '2018-07-21 12:01:55'),
(58, 70, 0, NULL, '2018-07-21 12:01:55'),
(58, 71, 0, NULL, '2018-07-21 12:01:55'),
(58, 72, 0, NULL, '2018-07-21 12:01:55'),
(58, 73, 1, NULL, '2018-07-21 12:01:55'),
(59, 53, 0, NULL, '2018-07-21 12:02:49'),
(59, 70, 0, NULL, '2018-07-21 12:02:49'),
(59, 71, 0, NULL, '2018-07-21 12:02:49'),
(59, 72, 0, NULL, '2018-07-21 12:02:49'),
(59, 73, 1, NULL, '2018-07-21 12:02:49'),
(60, 53, 1, NULL, '2018-07-21 12:03:13'),
(60, 70, 0, NULL, '2018-07-21 12:03:13'),
(60, 71, 0, NULL, '2018-07-21 12:03:13'),
(60, 72, 0, NULL, '2018-07-21 12:03:13'),
(60, 73, 1, NULL, '2018-07-21 12:03:13'),
(61, 53, 1, NULL, '2018-07-21 12:03:58'),
(61, 70, 1, NULL, '2018-07-21 12:03:58'),
(61, 71, 1, NULL, '2018-07-21 12:03:58'),
(61, 72, 1, NULL, '2018-07-21 12:03:58'),
(61, 73, 1, NULL, '2018-07-21 12:03:58'),
(62, 53, 1, NULL, '2018-07-21 12:04:32'),
(62, 70, 1, NULL, '2018-07-21 12:04:32'),
(62, 71, 1, NULL, '2018-07-21 12:04:32'),
(62, 72, 1, NULL, '2018-07-21 12:04:32'),
(62, 73, 1, NULL, '2018-07-21 12:04:32'),
(63, 35, 0, NULL, '2018-07-22 08:27:08'),
(63, 36, 1, NULL, '2018-07-22 08:27:08'),
(63, 37, 1, NULL, '2018-07-22 08:27:08'),
(63, 39, 1, NULL, '2018-07-22 08:27:08'),
(63, 40, 1, NULL, '2018-07-22 08:27:08'),
(63, 41, 1, NULL, '2018-07-22 08:27:08'),
(63, 42, 0, NULL, '2018-07-22 08:27:08'),
(6, 58, 1, NULL, '2018-07-24 15:50:13'),
(6, 60, 1, NULL, '2018-07-24 15:50:13'),
(6, 61, 1, NULL, '2018-07-24 15:50:13'),
(6, 62, 1, NULL, '2018-07-24 15:50:13'),
(6, 63, 0, 'уваж', '2018-07-24 15:50:13'),
(6, 74, 0, 'уваж', '2018-07-24 15:50:13'),
(7, 58, 1, NULL, '2018-07-24 15:50:23'),
(7, 60, 0, 'уваж', '2018-07-24 15:50:23'),
(7, 61, 1, NULL, '2018-07-24 15:50:23'),
(7, 62, 1, NULL, '2018-07-24 15:50:23'),
(7, 63, 1, NULL, '2018-07-24 15:50:23'),
(7, 74, 0, 'уваж', '2018-07-24 15:50:23'),
(51, 58, 1, NULL, '2018-07-24 15:50:32'),
(51, 60, 0, 'уваж', '2018-07-24 15:50:32'),
(51, 61, 1, NULL, '2018-07-24 15:50:32'),
(51, 62, 1, NULL, '2018-07-24 15:50:32'),
(51, 63, 1, NULL, '2018-07-24 15:50:32'),
(51, 74, 0, 'уваж', '2018-07-24 15:50:32'),
(64, 58, 1, NULL, '2018-07-24 15:50:47'),
(64, 60, 0, 'уваж', '2018-07-24 15:50:47'),
(64, 61, 1, NULL, '2018-07-24 15:50:47'),
(64, 62, 0, 'уваж', '2018-07-24 15:50:47'),
(64, 63, 0, 'уваж', '2018-07-24 15:50:47'),
(64, 74, 1, NULL, '2018-07-24 15:50:47'),
(65, 48, 1, NULL, '2018-07-24 15:52:03'),
(65, 49, 0, 'уваж', '2018-07-24 15:52:03'),
(65, 50, 0, 'уваж', '2018-07-24 15:52:03'),
(65, 51, 1, NULL, '2018-07-24 15:52:03'),
(65, 52, 1, NULL, '2018-07-24 15:52:03'),
(65, 55, 1, NULL, '2018-07-24 15:52:03'),
(65, 56, 1, NULL, '2018-07-24 15:52:03'),
(66, 1, 1, NULL, '2018-07-24 15:52:44'),
(66, 2, 0, 'уваж', '2018-07-24 15:52:44'),
(66, 3, 1, NULL, '2018-07-24 15:52:44'),
(66, 4, 1, NULL, '2018-07-24 15:52:44'),
(66, 5, 1, NULL, '2018-07-24 15:52:44'),
(66, 6, 1, NULL, '2018-07-24 15:52:44'),
(66, 7, 0, 'уваж', '2018-07-24 15:52:44'),
(66, 8, 1, NULL, '2018-07-24 15:52:44'),
(67, 9, 1, NULL, '2018-07-24 15:53:36'),
(67, 10, 0, 'уваж', '2018-07-24 15:53:36'),
(67, 11, 1, NULL, '2018-07-24 15:53:36'),
(67, 43, 1, NULL, '2018-07-24 15:53:36'),
(67, 44, 0, 'уваж', '2018-07-24 15:53:36'),
(67, 45, 0, 'уваж', '2018-07-24 15:53:36'),
(67, 46, 1, NULL, '2018-07-24 15:53:36'),
(67, 47, 1, NULL, '2018-07-24 15:53:36'),
(68, 38, 1, NULL, '2018-07-24 15:55:34'),
(68, 65, 1, NULL, '2018-07-24 15:55:34'),
(68, 66, 0, 'уваж', '2018-07-24 15:55:34'),
(68, 67, 1, NULL, '2018-07-24 15:55:34'),
(68, 68, 1, NULL, '2018-07-24 15:55:34'),
(68, 69, 1, NULL, '2018-07-24 15:55:34'),
(68, 64, 0, 'уваж', '2018-07-24 15:55:34'),
(69, 21, 1, NULL, '2018-07-24 15:56:27'),
(69, 22, 1, NULL, '2018-07-24 15:56:27'),
(69, 23, 0, 'уваж', '2018-07-24 15:56:27'),
(69, 24, 1, NULL, '2018-07-24 15:56:27'),
(69, 25, 0, 'уваж', '2018-07-24 15:56:27'),
(69, 26, 0, 'уваж', '2018-07-24 15:56:27'),
(69, 27, 0, 'уваж', '2018-07-24 15:56:27'),
(70, 54, 1, NULL, '2018-07-24 15:57:03'),
(70, 59, 1, NULL, '2018-07-24 15:57:03'),
(70, 57, 1, NULL, '2018-07-24 15:57:03'),
(71, 28, 1, NULL, '2018-07-24 15:57:35'),
(71, 29, 1, NULL, '2018-07-24 15:57:35'),
(71, 30, 1, NULL, '2018-07-24 15:57:35'),
(71, 31, 1, NULL, '2018-07-24 15:57:35'),
(71, 32, 1, NULL, '2018-07-24 15:57:35'),
(71, 33, 0, 'уваж', '2018-07-24 15:57:35'),
(71, 34, 0, 'уваж', '2018-07-24 15:57:35'),
(72, 53, 1, NULL, '2018-07-24 15:58:05'),
(72, 70, 1, NULL, '2018-07-24 15:58:05'),
(72, 71, 1, NULL, '2018-07-24 15:58:05'),
(72, 72, 1, NULL, '2018-07-24 15:58:05'),
(72, 73, 1, NULL, '2018-07-24 15:58:05'),
(72, 57, 1, NULL, '2018-07-24 15:58:05'),
(73, 12, 1, NULL, '2018-07-24 15:58:47'),
(73, 13, 1, NULL, '2018-07-24 15:58:47'),
(73, 14, 1, NULL, '2018-07-24 15:58:47'),
(73, 15, 1, NULL, '2018-07-24 15:58:47'),
(73, 16, 0, 'неуваж', '2018-07-24 15:58:47'),
(73, 17, 1, NULL, '2018-07-24 15:58:47'),
(73, 18, 1, NULL, '2018-07-24 15:58:47'),
(73, 42, 1, NULL, '2018-07-24 15:58:47'),
(74, 48, 1, NULL, '2018-07-25 08:20:53'),
(74, 49, 0, 'уваж', '2018-07-25 08:20:53'),
(74, 50, 0, 'уваж', '2018-07-25 08:20:53'),
(74, 51, 1, NULL, '2018-07-25 08:20:53'),
(74, 52, 1, NULL, '2018-07-25 08:20:53'),
(74, 55, 1, NULL, '2018-07-25 08:20:53'),
(74, 56, 0, 'уваж', '2018-07-25 08:20:53'),
(75, 1, 1, NULL, '2018-07-25 09:13:30'),
(75, 2, 1, NULL, '2018-07-25 09:13:30'),
(75, 3, 1, NULL, '2018-07-25 09:13:30'),
(75, 4, 1, NULL, '2018-07-25 09:13:30'),
(75, 5, 1, NULL, '2018-07-25 09:13:30'),
(75, 6, 1, NULL, '2018-07-25 09:13:30'),
(75, 7, 0, 'уваж', '2018-07-25 09:13:30'),
(75, 8, 1, NULL, '2018-07-25 09:13:30'),
(76, 12, 1, NULL, '2018-07-27 15:10:29'),
(76, 13, 1, NULL, '2018-07-27 15:10:29'),
(76, 14, 1, NULL, '2018-07-27 15:10:29'),
(76, 15, 1, NULL, '2018-07-27 15:10:29'),
(76, 16, 0, 'неуваж', '2018-07-27 15:10:29'),
(76, 17, 1, NULL, '2018-07-27 15:10:29'),
(76, 18, 1, NULL, '2018-07-27 15:10:29'),
(76, 42, 1, NULL, '2018-07-27 15:10:29'),
(77, 54, 1, NULL, '2018-07-27 15:11:36'),
(77, 59, 1, NULL, '2018-07-27 15:11:36'),
(77, 57, 1, NULL, '2018-07-27 15:11:36'),
(81, 38, 1, NULL, '2018-07-27 15:13:58'),
(81, 65, 1, NULL, '2018-07-27 15:13:58'),
(81, 66, 1, NULL, '2018-07-27 15:13:58'),
(81, 67, 1, NULL, '2018-07-27 15:13:58'),
(81, 68, 1, NULL, '2018-07-27 15:13:58'),
(81, 69, 1, NULL, '2018-07-27 15:13:58'),
(81, 64, 0, 'уваж', '2018-07-27 15:13:58'),
(82, 28, 1, NULL, '2018-07-27 15:14:49'),
(82, 29, 1, NULL, '2018-07-27 15:14:49'),
(82, 30, 1, NULL, '2018-07-27 15:14:49'),
(82, 31, 1, NULL, '2018-07-27 15:14:49'),
(82, 32, 1, NULL, '2018-07-27 15:14:49'),
(82, 33, 1, NULL, '2018-07-27 15:14:49'),
(82, 34, 1, NULL, '2018-07-27 15:14:49'),
(83, 53, 1, NULL, '2018-07-27 15:23:45'),
(83, 70, 1, NULL, '2018-07-27 15:23:45'),
(83, 71, 1, NULL, '2018-07-27 15:23:45'),
(83, 72, 1, NULL, '2018-07-27 15:23:45'),
(83, 73, 0, 'уваж', '2018-07-27 15:23:45'),
(83, 57, 1, NULL, '2018-07-27 15:23:45'),
(84, 35, 0, 'уваж', '2018-08-04 12:25:16'),
(84, 36, 1, NULL, '2018-08-04 12:25:16'),
(84, 37, 1, NULL, '2018-08-04 12:25:16'),
(84, 39, 0, 'уваж', '2018-08-04 12:25:16'),
(84, 40, 1, NULL, '2018-08-04 12:25:16'),
(84, 41, 1, NULL, '2018-08-04 12:25:16'),
(86, 58, 1, NULL, '2018-08-04 13:08:34'),
(86, 60, 0, 'уваж', '2018-08-04 13:08:34'),
(86, 61, 1, NULL, '2018-08-04 13:08:34'),
(86, 62, 1, NULL, '2018-08-04 13:08:34'),
(86, 63, 0, 'уваж', '2018-08-04 13:08:34'),
(86, 74, 1, NULL, '2018-08-04 13:08:34'),
(86, 80, 0, 'уваж', '2018-08-04 13:08:34'),
(87, 58, 1, NULL, '2018-08-04 13:10:13'),
(87, 60, 0, 'уваж', '2018-08-04 13:10:13'),
(87, 61, 1, NULL, '2018-08-04 13:10:13'),
(87, 62, 1, NULL, '2018-08-04 13:10:13'),
(87, 63, 0, 'уваж', '2018-08-04 13:10:13'),
(87, 74, 1, NULL, '2018-08-04 13:10:13'),
(87, 80, 1, NULL, '2018-08-04 13:10:13'),
(87, 82, 1, NULL, '2018-08-04 13:10:13'),
(88, 35, 0, 'уваж', '2018-08-04 13:13:15'),
(88, 36, 1, NULL, '2018-08-04 13:13:15'),
(88, 37, 1, NULL, '2018-08-04 13:13:15'),
(88, 39, 0, 'уваж', '2018-08-04 13:13:15'),
(88, 40, 1, NULL, '2018-08-04 13:13:15'),
(88, 41, 1, NULL, '2018-08-04 13:13:15'),
(88, 75, 1, NULL, '2018-08-04 13:13:15'),
(88, 76, 1, NULL, '2018-08-04 13:13:15'),
(88, 77, 1, NULL, '2018-08-04 13:13:15'),
(88, 23, 0, 'неуваж', '2018-08-04 13:13:15'),
(89, 48, 1, NULL, '2018-08-04 13:17:37'),
(89, 50, 0, 'неуваж', '2018-08-04 13:17:37'),
(89, 51, 0, 'уваж', '2018-08-04 13:17:37'),
(89, 52, 1, NULL, '2018-08-04 13:17:37'),
(89, 56, 1, NULL, '2018-08-04 13:17:37'),
(90, 1, 1, NULL, '2018-08-04 13:18:37'),
(90, 2, 1, NULL, '2018-08-04 13:18:37'),
(90, 3, 1, NULL, '2018-08-04 13:18:37'),
(90, 4, 1, NULL, '2018-08-04 13:18:37'),
(90, 5, 1, NULL, '2018-08-04 13:18:37'),
(90, 6, 1, NULL, '2018-08-04 13:18:37'),
(90, 7, 0, 'уваж', '2018-08-04 13:18:37'),
(90, 8, 1, NULL, '2018-08-04 13:18:37'),
(90, 78, 1, NULL, '2018-08-04 13:18:37'),
(91, 9, 1, NULL, '2018-08-04 13:20:30'),
(91, 10, 0, 'уваж', '2018-08-04 13:20:30'),
(91, 11, 1, NULL, '2018-08-04 13:20:30'),
(91, 43, 1, NULL, '2018-08-04 13:20:30'),
(91, 44, 0, 'уваж', '2018-08-04 13:20:30'),
(91, 45, 1, NULL, '2018-08-04 13:20:30'),
(91, 46, 1, NULL, '2018-08-04 13:20:30'),
(91, 47, 1, NULL, '2018-08-04 13:20:30'),
(92, 21, 1, NULL, '2018-08-04 13:22:14'),
(92, 22, 1, NULL, '2018-08-04 13:22:14'),
(92, 24, 1, NULL, '2018-08-04 13:22:14'),
(92, 25, 1, NULL, '2018-08-04 13:22:14'),
(92, 26, 1, NULL, '2018-08-04 13:22:14'),
(92, 27, 1, NULL, '2018-08-04 13:22:14'),
(92, 81, 0, 'уваж', '2018-08-04 13:22:14'),
(93, 38, 1, NULL, '2018-08-04 13:22:40'),
(93, 65, 1, NULL, '2018-08-04 13:22:40'),
(93, 66, 1, NULL, '2018-08-04 13:22:40'),
(93, 67, 1, NULL, '2018-08-04 13:22:40'),
(93, 68, 1, NULL, '2018-08-04 13:22:40'),
(93, 69, 1, NULL, '2018-08-04 13:22:40'),
(93, 64, 0, 'уваж', '2018-08-04 13:22:40'),
(94, 54, 1, NULL, '2018-08-04 13:24:30'),
(94, 59, 1, NULL, '2018-08-04 13:24:30'),
(94, 57, 0, 'уваж', '2018-08-04 13:24:30'),
(94, 79, 0, 'уваж', '2018-08-04 13:24:30'),
(95, 28, 1, NULL, '2018-08-04 13:26:10'),
(95, 30, 1, NULL, '2018-08-04 13:26:10'),
(95, 31, 1, NULL, '2018-08-04 13:26:10'),
(95, 32, 1, NULL, '2018-08-04 13:26:10'),
(95, 33, 0, 'уваж', '2018-08-04 13:26:10'),
(95, 34, 0, 'уваж', '2018-08-04 13:26:10'),
(96, 12, 1, NULL, '2018-08-04 13:27:34'),
(96, 13, 1, NULL, '2018-08-04 13:27:34'),
(96, 14, 0, 'уваж', '2018-08-04 13:27:34'),
(96, 15, 1, NULL, '2018-08-04 13:27:34'),
(96, 16, 1, NULL, '2018-08-04 13:27:34'),
(96, 17, 1, NULL, '2018-08-04 13:27:34'),
(96, 18, 1, NULL, '2018-08-04 13:27:34'),
(96, 42, 1, NULL, '2018-08-04 13:27:34'),
(97, 53, 1, NULL, '2018-08-04 13:28:17'),
(97, 70, 1, NULL, '2018-08-04 13:28:17'),
(97, 71, 1, NULL, '2018-08-04 13:28:17'),
(97, 72, 1, NULL, '2018-08-04 13:28:17'),
(97, 73, 0, 'уваж', '2018-08-04 13:28:17'),
(97, 57, 0, 'уваж', '2018-08-04 13:28:17'),
(99, 48, 1, NULL, '2018-08-04 13:30:55'),
(99, 50, 0, 'неуваж', '2018-08-04 13:30:55'),
(99, 51, 1, NULL, '2018-08-04 13:30:55'),
(99, 52, 1, NULL, '2018-08-04 13:30:55'),
(99, 56, 1, NULL, '2018-08-04 13:30:55'),
(100, 1, 1, NULL, '2018-08-04 13:31:59'),
(100, 2, 1, NULL, '2018-08-04 13:31:59'),
(100, 3, 1, NULL, '2018-08-04 13:31:59'),
(100, 4, 1, NULL, '2018-08-04 13:31:59'),
(100, 5, 1, NULL, '2018-08-04 13:31:59'),
(100, 6, 1, NULL, '2018-08-04 13:31:59'),
(100, 7, 0, 'уваж', '2018-08-04 13:31:59'),
(100, 8, 1, NULL, '2018-08-04 13:31:59'),
(100, 78, 1, NULL, '2018-08-04 13:31:59'),
(101, 9, 1, NULL, '2018-08-04 13:32:35'),
(101, 10, 1, NULL, '2018-08-04 13:32:35'),
(101, 11, 1, NULL, '2018-08-04 13:32:35'),
(101, 43, 1, NULL, '2018-08-04 13:32:35'),
(101, 44, 0, 'уваж', '2018-08-04 13:32:35'),
(101, 45, 1, NULL, '2018-08-04 13:32:35'),
(101, 46, 0, 'неуваж', '2018-08-04 13:32:35'),
(101, 47, 1, NULL, '2018-08-04 13:32:35'),
(103, 38, 1, NULL, '2018-08-04 13:34:07'),
(103, 65, 1, NULL, '2018-08-04 13:34:07'),
(103, 66, 1, NULL, '2018-08-04 13:34:07'),
(103, 67, 1, NULL, '2018-08-04 13:34:07'),
(103, 68, 1, NULL, '2018-08-04 13:34:07'),
(103, 69, 1, NULL, '2018-08-04 13:34:07'),
(103, 64, 0, 'уваж', '2018-08-04 13:34:07'),
(103, 73, 1, NULL, '2018-08-04 13:34:07'),
(104, 54, 1, NULL, '2018-08-04 13:35:57'),
(104, 59, 1, NULL, '2018-08-04 13:35:57'),
(104, 57, 0, 'уваж', '2018-08-04 13:35:57'),
(104, 79, 0, 'уваж', '2018-08-04 13:35:57'),
(105, 28, 1, NULL, '2018-08-04 13:42:22'),
(105, 30, 1, NULL, '2018-08-04 13:42:22'),
(105, 31, 1, NULL, '2018-08-04 13:42:22'),
(105, 32, 1, NULL, '2018-08-04 13:42:22'),
(105, 33, 0, 'неуваж', '2018-08-04 13:42:22'),
(105, 34, 0, 'неуваж', '2018-08-04 13:42:22'),
(107, 53, 1, NULL, '2018-08-04 13:43:12'),
(107, 70, 1, NULL, '2018-08-04 13:43:12'),
(107, 71, 1, NULL, '2018-08-04 13:43:12'),
(107, 72, 1, NULL, '2018-08-04 13:43:12'),
(107, 57, 0, 'уваж', '2018-08-04 13:43:12'),
(108, 21, 1, NULL, '2018-08-04 13:44:00'),
(108, 22, 1, NULL, '2018-08-04 13:44:00'),
(108, 25, 1, NULL, '2018-08-04 13:44:00'),
(108, 26, 1, NULL, '2018-08-04 13:44:00'),
(108, 27, 0, 'уваж', '2018-08-04 13:44:00'),
(108, 81, 1, NULL, '2018-08-04 13:44:00'),
(109, 12, 1, NULL, '2018-08-04 13:44:24'),
(109, 13, 1, NULL, '2018-08-04 13:44:24'),
(109, 14, 0, 'уваж', '2018-08-04 13:44:24'),
(109, 15, 0, 'уваж', '2018-08-04 13:44:24'),
(109, 16, 1, NULL, '2018-08-04 13:44:24'),
(109, 17, 1, NULL, '2018-08-04 13:44:24'),
(109, 18, 1, NULL, '2018-08-04 13:44:24'),
(109, 42, 1, NULL, '2018-08-04 13:44:24'),
(110, 36, 1, NULL, '2018-08-04 13:45:10'),
(110, 37, 1, NULL, '2018-08-04 13:45:10'),
(110, 39, 1, NULL, '2018-08-04 13:45:10'),
(110, 40, 1, NULL, '2018-08-04 13:45:10'),
(110, 41, 1, NULL, '2018-08-04 13:45:10'),
(110, 75, 1, NULL, '2018-08-04 13:45:10'),
(110, 76, 1, NULL, '2018-08-04 13:45:10'),
(110, 77, 1, NULL, '2018-08-04 13:45:10'),
(110, 23, 1, NULL, '2018-08-04 13:45:10'),
(111, 58, 0, 'уваж', '2018-08-04 13:45:51'),
(111, 61, 0, 'уваж', '2018-08-04 13:45:51'),
(111, 62, 0, 'уваж', '2018-08-04 13:45:51'),
(111, 74, 1, NULL, '2018-08-04 13:45:51'),
(111, 80, 1, NULL, '2018-08-04 13:45:51'),
(111, 82, 1, NULL, '2018-08-04 13:45:51'),
(112, 58, 0, 'уваж', '2018-08-07 21:39:53'),
(112, 61, 0, 'уваж', '2018-08-07 21:39:53'),
(112, 74, 1, NULL, '2018-08-07 21:39:53'),
(112, 80, 1, NULL, '2018-08-07 21:39:53'),
(112, 82, 1, NULL, '2018-08-07 21:39:53'),
(112, 83, 1, NULL, '2018-08-07 21:39:53'),
(112, 84, 1, NULL, '2018-08-07 21:39:53'),
(113, 23, 0, 'уваж', '2018-08-07 21:40:34'),
(113, 36, 1, NULL, '2018-08-07 21:40:34'),
(113, 37, 1, NULL, '2018-08-07 21:40:34'),
(113, 39, 1, NULL, '2018-08-07 21:40:34'),
(113, 40, 1, NULL, '2018-08-07 21:40:34'),
(113, 41, 1, NULL, '2018-08-07 21:40:34'),
(113, 75, 1, NULL, '2018-08-07 21:40:34'),
(113, 76, 1, NULL, '2018-08-07 21:40:34'),
(113, 77, 1, NULL, '2018-08-07 21:40:34'),
(114, 21, 1, NULL, '2018-08-07 21:43:39'),
(114, 22, 1, NULL, '2018-08-07 21:43:39'),
(114, 25, 1, NULL, '2018-08-07 21:43:39'),
(114, 26, 1, NULL, '2018-08-07 21:43:39'),
(114, 27, 1, NULL, '2018-08-07 21:43:39'),
(114, 81, 1, NULL, '2018-08-07 21:43:39'),
(115, 48, 1, NULL, '2018-08-07 21:45:28'),
(115, 50, 0, 'уваж', '2018-08-07 21:45:28'),
(115, 51, 1, NULL, '2018-08-07 21:45:28'),
(115, 52, 1, NULL, '2018-08-07 21:45:28'),
(115, 56, 1, NULL, '2018-08-07 21:45:28'),
(116, 1, 1, NULL, '2018-08-07 21:46:18'),
(116, 2, 1, NULL, '2018-08-07 21:46:18'),
(116, 3, 1, NULL, '2018-08-07 21:46:18'),
(116, 4, 0, 'уваж', '2018-08-07 21:46:18'),
(116, 5, 0, 'уваж', '2018-08-07 21:46:18'),
(116, 6, 0, 'уваж', '2018-08-07 21:46:18'),
(116, 7, 1, NULL, '2018-08-07 21:46:18'),
(116, 8, 0, 'уваж', '2018-08-07 21:46:18'),
(116, 78, 1, NULL, '2018-08-07 21:46:18'),
(117, 9, 1, NULL, '2018-08-07 21:47:03'),
(117, 10, 1, NULL, '2018-08-07 21:47:03'),
(117, 11, 1, NULL, '2018-08-07 21:47:03'),
(117, 43, 1, NULL, '2018-08-07 21:47:03'),
(117, 44, 0, 'уваж', '2018-08-07 21:47:03'),
(117, 45, 0, 'уваж', '2018-08-07 21:47:03'),
(117, 46, 1, NULL, '2018-08-07 21:47:03'),
(117, 47, 1, NULL, '2018-08-07 21:47:03'),
(118, 38, 1, NULL, '2018-08-07 21:47:32'),
(118, 64, 0, 'уваж', '2018-08-07 21:47:32'),
(118, 65, 1, NULL, '2018-08-07 21:47:32'),
(118, 66, 1, NULL, '2018-08-07 21:47:32'),
(118, 67, 1, NULL, '2018-08-07 21:47:32'),
(118, 68, 1, NULL, '2018-08-07 21:47:32'),
(118, 69, 1, NULL, '2018-08-07 21:47:32'),
(118, 73, 1, NULL, '2018-08-07 21:47:32'),
(119, 54, 1, NULL, '2018-08-07 21:48:16'),
(119, 57, 0, 'уваж', '2018-08-07 21:48:16'),
(119, 59, 0, 'уваж', '2018-08-07 21:48:16'),
(119, 79, 1, NULL, '2018-08-07 21:48:16'),
(120, 28, 1, NULL, '2018-08-07 21:48:45'),
(120, 30, 1, NULL, '2018-08-07 21:48:45'),
(120, 31, 1, NULL, '2018-08-07 21:48:45'),
(120, 32, 1, NULL, '2018-08-07 21:48:45'),
(120, 33, 0, 'уваж', '2018-08-07 21:48:45'),
(120, 34, 0, 'уваж', '2018-08-07 21:48:45'),
(121, 53, 1, NULL, '2018-08-07 21:49:48'),
(121, 57, 0, 'уваж', '2018-08-07 21:49:48'),
(121, 70, 1, NULL, '2018-08-07 21:49:48'),
(121, 71, 1, NULL, '2018-08-07 21:49:48'),
(121, 72, 1, NULL, '2018-08-07 21:49:48'),
(122, 1, 1, NULL, '2018-12-03 12:29:00'),
(122, 2, 1, NULL, '2018-12-03 12:29:00'),
(122, 3, 1, NULL, '2018-12-03 12:29:00'),
(122, 4, 0, 'уваж', '2018-12-03 12:29:00'),
(122, 5, 0, 'уваж', '2018-12-03 12:29:00'),
(122, 6, 0, 'уваж', '2018-12-03 12:29:00'),
(122, 7, 0, 'уваж', '2018-12-03 12:29:00'),
(122, 8, 1, NULL, '2018-12-03 12:29:00'),
(122, 78, 0, 'уваж', '2018-12-03 12:29:00');

-- --------------------------------------------------------

--
-- Структура таблицы `teachers`
--

CREATE TABLE IF NOT EXISTS `teachers` (
  `id` int(11) NOT NULL,
  `first_name` varchar(100) NOT NULL,
  `middle_name` varchar(100) NOT NULL,
  `last_name` varchar(100) NOT NULL,
  `date_up` timestamp NOT NULL DEFAULT CURRENT_TIMESTAMP,
  `status` varchar(50) NOT NULL,
  `active` bit(1) NOT NULL DEFAULT b'1',
  `autor` int(11) NOT NULL
) ENGINE=InnoDB AUTO_INCREMENT=4 DEFAULT CHARSET=utf8;

--
-- Дамп данных таблицы `teachers`
--

INSERT INTO `teachers` (`id`, `first_name`, `middle_name`, `last_name`, `date_up`, `status`, `active`, `autor`) VALUES
(1, 'Алексей ', 'Александрович', 'Корниенко', '2018-07-11 10:15:45', 'преподает робототехнику', b'1', 0),
(2, 'Александр ', 'Сергеевич', 'Рубан', '2018-07-11 10:18:01', 'преподает WEB-дизайн', b'1', 0),
(3, 'Александр ', 'Сергеевич', 'Байчурин', '2018-07-11 10:18:47', 'преподает робототехнику', b'1', 0);

-- --------------------------------------------------------

--
-- Структура таблицы `teachers_courses`
--

CREATE TABLE IF NOT EXISTS `teachers_courses` (
  `id` int(11) NOT NULL,
  `id_teachers` int(11) NOT NULL,
  `id_courses` int(11) NOT NULL,
  `id_group` int(11) NOT NULL,
  `price` int(11) DEFAULT '0',
  `date_up` timestamp NOT NULL DEFAULT CURRENT_TIMESTAMP,
  `autor` int(11) DEFAULT NULL,
  `active` bit(1) NOT NULL DEFAULT b'1'
) ENGINE=InnoDB AUTO_INCREMENT=12 DEFAULT CHARSET=utf8;

--
-- Дамп данных таблицы `teachers_courses`
--

INSERT INTO `teachers_courses` (`id`, `id_teachers`, `id_courses`, `id_group`, `price`, `date_up`, `autor`, `active`) VALUES
(1, 1, 1, 7, 500, '2018-07-11 10:16:27', 0, b'1'),
(2, 2, 2, 12, 500, '2018-07-11 10:18:21', 0, b'1'),
(3, 3, 1, 1, 500, '2018-07-11 10:19:07', 0, b'1'),
(4, 3, 1, 4, 500, '2018-07-11 10:22:11', 0, b'1'),
(5, 1, 1, 8, 500, '2018-07-21 11:52:38', 0, b'1'),
(6, 2, 2, 13, 500, '2018-07-21 11:52:57', 0, b'1'),
(7, 3, 1, 2, 500, '2018-07-21 12:06:42', 0, b'1'),
(8, 3, 1, 10, 500, '2018-07-21 12:07:02', 0, b'1'),
(9, 3, 1, 5, 500, '2018-07-21 12:07:13', 0, b'1'),
(10, 3, 1, 6, 500, '2018-07-21 12:07:54', 0, b'1'),
(11, 3, 1, 11, 500, '2018-07-21 12:08:25', 0, b'1');

-- --------------------------------------------------------

--
-- Структура таблицы `users`
--

CREATE TABLE IF NOT EXISTS `users` (
  `id` int(11) NOT NULL,
  `login` varchar(64) NOT NULL,
  `password` varchar(64) NOT NULL,
  `first_name` varchar(50) DEFAULT NULL,
  `middle_name` varchar(50) DEFAULT NULL,
  `last_name` varchar(50) DEFAULT NULL,
  `email` varchar(50) DEFAULT NULL,
  `phone` varchar(50) DEFAULT NULL,
  `authKey` varchar(64) DEFAULT NULL,
  `accessToken` varchar(64) DEFAULT NULL,
  `date_up` timestamp NOT NULL DEFAULT CURRENT_TIMESTAMP,
  `active` bit(1) NOT NULL DEFAULT b'1',
  `status` varchar(50) NOT NULL DEFAULT 'admin'
) ENGINE=InnoDB DEFAULT CHARSET=utf8;

--
-- Дамп данных таблицы `users`
--

INSERT INTO `users` (`id`, `login`, `password`, `first_name`, `middle_name`, `last_name`, `email`, `phone`, `authKey`, `accessToken`, `date_up`, `active`, `status`) VALUES
(0, 'admin', 'e7807fc5d1503556b6bdf997bc7c01a4', 'Рамиля', 'Радиковна', 'Байчурина', 'test@test.ru', NULL, NULL, NULL, '2018-07-09 07:14:57', b'1', 'admin');

--
-- Индексы сохранённых таблиц
--

--
-- Индексы таблицы `courses`
--
ALTER TABLE `courses`
  ADD PRIMARY KEY (`id`),
  ADD UNIQUE KEY `id` (`id`);

--
-- Индексы таблицы `eventsGroupVisits`
--
ALTER TABLE `eventsGroupVisits`
  ADD PRIMARY KEY (`id`),
  ADD KEY `id` (`id`),
  ADD KEY `group_id` (`group_id`);

--
-- Индексы таблицы `groups`
--
ALTER TABLE `groups`
  ADD PRIMARY KEY (`id`),
  ADD UNIQUE KEY `id` (`id`),
  ADD KEY `id_courses` (`id_courses`);

--
-- Индексы таблицы `students`
--
ALTER TABLE `students`
  ADD PRIMARY KEY (`id`);

--
-- Индексы таблицы `students_balans`
--
ALTER TABLE `students_balans`
  ADD PRIMARY KEY (`id`);

--
-- Индексы таблицы `students_courses`
--
ALTER TABLE `students_courses`
  ADD PRIMARY KEY (`id`);

--
-- Индексы таблицы `students_payment`
--
ALTER TABLE `students_payment`
  ADD PRIMARY KEY (`id`);

--
-- Индексы таблицы `students_visits`
--
ALTER TABLE `students_visits`
  ADD KEY `events_id` (`events_id`),
  ADD KEY `student_id` (`student_id`);

--
-- Индексы таблицы `teachers`
--
ALTER TABLE `teachers`
  ADD PRIMARY KEY (`id`);

--
-- Индексы таблицы `teachers_courses`
--
ALTER TABLE `teachers_courses`
  ADD PRIMARY KEY (`id`),
  ADD UNIQUE KEY `id` (`id`),
  ADD KEY `id_teachers` (`id_teachers`),
  ADD KEY `id_courses` (`id_courses`),
  ADD KEY `autor` (`autor`),
  ADD KEY `id_group` (`id_group`);

--
-- Индексы таблицы `users`
--
ALTER TABLE `users`
  ADD PRIMARY KEY (`id`);

--
-- AUTO_INCREMENT для сохранённых таблиц
--

--
-- AUTO_INCREMENT для таблицы `courses`
--
ALTER TABLE `courses`
  MODIFY `id` int(11) NOT NULL AUTO_INCREMENT,AUTO_INCREMENT=7;
--
-- AUTO_INCREMENT для таблицы `eventsGroupVisits`
--
ALTER TABLE `eventsGroupVisits`
  MODIFY `id` int(11) NOT NULL AUTO_INCREMENT,AUTO_INCREMENT=123;
--
-- AUTO_INCREMENT для таблицы `groups`
--
ALTER TABLE `groups`
  MODIFY `id` int(11) NOT NULL AUTO_INCREMENT,AUTO_INCREMENT=14;
--
-- AUTO_INCREMENT для таблицы `students`
--
ALTER TABLE `students`
  MODIFY `id` int(11) NOT NULL AUTO_INCREMENT,AUTO_INCREMENT=85;
--
-- AUTO_INCREMENT для таблицы `students_balans`
--
ALTER TABLE `students_balans`
  MODIFY `id` int(11) NOT NULL AUTO_INCREMENT;
--
-- AUTO_INCREMENT для таблицы `students_courses`
--
ALTER TABLE `students_courses`
  MODIFY `id` int(11) NOT NULL AUTO_INCREMENT;
--
-- AUTO_INCREMENT для таблицы `students_payment`
--
ALTER TABLE `students_payment`
  MODIFY `id` int(11) NOT NULL AUTO_INCREMENT,AUTO_INCREMENT=24;
--
-- AUTO_INCREMENT для таблицы `teachers`
--
ALTER TABLE `teachers`
  MODIFY `id` int(11) NOT NULL AUTO_INCREMENT,AUTO_INCREMENT=4;
--
-- AUTO_INCREMENT для таблицы `teachers_courses`
--
ALTER TABLE `teachers_courses`
  MODIFY `id` int(11) NOT NULL AUTO_INCREMENT,AUTO_INCREMENT=12;
--
-- Ограничения внешнего ключа сохраненных таблиц
--

--
-- Ограничения внешнего ключа таблицы `eventsGroupVisits`
--
ALTER TABLE `eventsGroupVisits`
  ADD CONSTRAINT `eventsgroupvisits_ibfk_1` FOREIGN KEY (`group_id`) REFERENCES `groups` (`id`) ON DELETE SET NULL ON UPDATE NO ACTION;

--
-- Ограничения внешнего ключа таблицы `teachers_courses`
--
ALTER TABLE `teachers_courses`
  ADD CONSTRAINT `teachers_courses_ibfk_3` FOREIGN KEY (`autor`) REFERENCES `users` (`id`) ON DELETE NO ACTION ON UPDATE NO ACTION;

/*!40101 SET CHARACTER_SET_CLIENT=@OLD_CHARACTER_SET_CLIENT */;
/*!40101 SET CHARACTER_SET_RESULTS=@OLD_CHARACTER_SET_RESULTS */;
/*!40101 SET COLLATION_CONNECTION=@OLD_COLLATION_CONNECTION */;
